title,artist,top genre,year released,added,dnce,val,dur,pop,artist type
STARSTRUKK (feat. Katy Perry),3OH!3,dance pop,2009,2022‑02‑17,61,23,203,70,Duo
My First Kiss (feat. Ke$ha),3OH!3,dance pop,2010,2022‑02‑17,68,83,192,68,Duo
I Need A Dollar,Aloe Blacc,pop soul,2010,2022‑02‑17,84,96,243,72,Solo
Airplanes (feat. Hayley Williams of Paramore),B.o.B,atl hip hop,2010,2022‑02‑17,66,38,180,80,Solo
Nothin' on You (feat. Bruno Mars),B.o.B,atl hip hop,2010,2022‑02‑17,69,74,268,79,Solo
Magic (feat. Rivers Cuomo),B.o.B,atl hip hop,2010,2022‑02‑17,55,79,196,71,Solo
The Time (Dirty Bit),Black Eyed Peas,dance pop,2010,2022‑02‑17,82,44,308,75,Band/Group
Imma Be,Black Eyed Peas,dance pop,2009,2022‑02‑17,60,41,258,71,Band/Group
Talking to the Moon,Bruno Mars,dance pop,2010,2022‑02‑17,50,8,218,87,Solo
Just the Way You Are,Bruno Mars,dance pop,2010,2022‑02‑17,64,42,221,86,Solo
Teach Me How to Dougie,Cali Swag District,pop rap,2011,2022‑02‑17,85,51,237,71,Band/Group
Forget You,CeeLo Green,atl hip hop,2010,2022‑02‑17,70,77,223,69,Solo
Deuces (feat. Tyga & Kevin McCall),Chris Brown,dance pop,2011,2022‑02‑17,69,22,277,74,Solo
Memories (feat. Kid Cudi),David Guetta,big room,2009,2022‑02‑17,56,50,210,74,Solo
Gettin' Over You (feat. Fergie & LMFAO),David Guetta,big room,2009,2022‑02‑17,62,45,188,55,Solo
"All I Do Is Win (feat. T-Pain, Ludacris, Snoop Dogg & Rick Ross)",DJ Khaled,dance pop,2010,2022‑02‑17,54,28,233,55,Solo
Over,Drake,canadian hip hop,2010,2022‑02‑17,35,45,234,72,Solo
Find Your Love,Drake,canadian hip hop,2010,2022‑02‑17,63,76,209,70,Solo
Barbra Streisand (Radio Edit),Duck Sauce,disco house,2010,2022‑02‑17,76,46,195,61,Duo
Stereo Love - Radio Edit,Edward Maya,romanian house,2010,2022‑02‑17,80,59,185,71,Solo
Pack Up,Eliza Doolittle,lilith,2010,2022‑02‑17,67,87,191,46,Solo
Starry Eyed,Ellie Goulding,dance pop,2010,2022‑02‑17,50,60,177,59,Solo
Love The Way You Lie,Eminem,detroit hip hop,2010,2022‑02‑17,75,64,263,87,Solo
Not Afraid,Eminem,detroit hip hop,2010,2022‑02‑17,86,67,248,85,Solo
I Like It,Enrique Iglesias,dance pop,2010,2022‑02‑17,65,70,232,71,Solo
Kickstarts,Example,dance pop,2010,2022‑02‑17,61,66,182,69,Solo
Like A G6,Far East Movement,asian american hip hop,2010,2022‑02‑17,44,78,217,75,Band/Group
Club Can't Handle Me (feat. David Guetta),Flo Rida,dance pop,2010,2022‑02‑17,62,47,235,81,Solo
Hot - Malibu Breeze Radio Edit,INNA,dance pop,2010,2022‑02‑17,81,51,224,43,Solo
Replay,Iyaz,dance pop,2009,2022‑02‑17,71,20,182,78,Solo
Whatcha Say,Jason Derulo,dance pop,2010,2022‑02‑17,62,71,221,72,Solo
Ridin' Solo,Jason Derulo,dance pop,2010,2022‑02‑17,44,58,216,70,Solo
In My Head,Jason Derulo,dance pop,2010,2022‑02‑17,76,85,199,67,Solo
Down,Jay Sean,dance pop,2009,2022‑02‑17,73,73,213,83,Solo
Do You Remember,Jay Sean,dance pop,2009,2022‑02‑17,85,82,211,74,Solo
Young Forever,JAY-Z,east coast hip hop,2009,2022‑02‑17,64,10,254,71,Solo
Heartbreak Warfare,John Mayer,neo mellow,2009,2022‑02‑17,62,31,270,69,Solo
Half of My Heart,John Mayer,neo mellow,2009,2022‑02‑17,68,73,250,68,Solo
Baby,Justin Bieber,canadian pop,2010,2022‑02‑17,73,54,214,86,Solo
California Gurls,Katy Perry,dance pop,2012,2022‑02‑17,79,43,235,78,Solo
Teenage Dream,Katy Perry,dance pop,2010,2022‑02‑17,72,59,228,76,Solo
Commander,Kelly Rowland,atl hip hop,2011,2022‑02‑17,40,57,218,54,Solo
TiK ToK,Kesha,dance pop,2010,2022‑02‑17,76,71,200,86,Solo
Your Love Is My Drug,Kesha,dance pop,2010,2022‑02‑17,83,76,187,75,Solo
Take It Off,Kesha,dance pop,2010,2022‑02‑17,73,74,215,74,Solo
Blah Blah Blah (feat. 3OH!3),Kesha,dance pop,2010,2022‑02‑17,75,52,172,67,Solo
Wavin' Flag,K'NAAN,reggae fusion,2009,2022‑02‑17,63,72,221,63,Solo
Live Like We're Dying,Kris Allen,idol,2009,2022‑02‑17,59,94,213,57,Solo
Bad Romance,Lady Gaga,art pop,2009,2022‑02‑17,70,71,295,86,Solo
Telephone,Lady Gaga,art pop,2009,2022‑02‑17,82,72,221,75,Solo
Alejandro,Lady Gaga,art pop,2009,2022‑02‑17,62,36,274,72,Solo
Right Above It,Lil Wayne,hip hop,2010,2022‑02‑17,38,46,272,74,Solo
My Chick Bad,Ludacris,atl hip hop,2010,2022‑02‑17,62,76,217,73,Solo
How Low,Ludacris,atl hip hop,2010,2022‑02‑17,79,42,202,68,Solo
Misery,Maroon 5,pop,2010,2022‑02‑17,70,73,216,70,Band/Group
When We Collide,Matt Cardle,talent show,2011,2022‑02‑17,44,45,226,52,Solo
Cooler Than Me - Single Mix,Mike Posner,dance pop,2010,2022‑02‑17,77,63,213,81,Solo
Can't Be Tamed,Miley Cyrus,dance pop,2010,2022‑02‑17,63,74,168,69,Solo
Animal,Neon Trees,modern alternative rock,2010,2022‑02‑17,48,74,212,76,Band/Group
Fireflies,Owl City,indietronica,2009,2022‑02‑17,51,47,228,84,Band/Group
She Said,Plan B,grime,2010,2022‑02‑17,72,83,211,39,Duo
Only Girl (In The World),Rihanna,barbadian pop,2010,2022‑02‑17,79,64,235,82,Solo
Rude Boy,Rihanna,barbadian pop,2009,2022‑02‑17,56,81,223,80,Solo
What's My Name?,Rihanna,barbadian pop,2010,2022‑02‑17,69,56,263,75,Solo
Man Down,Rihanna,barbadian pop,2010,2022‑02‑17,48,54,267,65,Solo
Hard,Rihanna,barbadian pop,2009,2022‑02‑17,31,16,251,60,Solo
Dancing On My Own - Radio Edit,Robyn,art pop,2010,2022‑02‑17,57,22,278,65,Solo
King of Anything,Sara Bareilles,acoustic pop,2010,2022‑02‑17,68,81,207,66,Solo
This Ain't a Love Song,Scouting For Girls,dance pop,2017,2022‑02‑17,46,55,211,58,Band/Group
Eenie Meenie,Sean Kingston,dance pop,2020,2022‑02‑17,73,84,202,72,Solo
Riverside,Sidney Samson,dutch house,2009,2022‑02‑17,80,29,321,42,Solo
Alors on danse - Radio Edit,Stromae,belgian pop,2010,2022‑02‑17,79,71,206,83,Solo
Stuck Like Glue,Sugarland,contemporary country,2010,2022‑02‑17,70,84,248,73,Duo
One - Radio Edit,Swedish House Mafia,dance pop,2010,2022‑02‑17,80,62,170,62,Band/Group
Miami 2 Ibiza - Swedish House Mafia vs. Tinie Tempah,Swedish House Mafia,dance pop,2010,2022‑02‑17,74,66,206,52,Band/Group
Dynamite,Taio Cruz,dance pop,2010,2022‑02‑17,75,82,203,85,Solo
Break Your Heart,Taio Cruz,dance pop,2010,2022‑02‑17,61,57,202,79,Solo
The Flood,Take That,boy band,2010,2022‑02‑17,51,14,289,63,Band/Group
Back To December,Taylor Swift,pop,2010,2022‑02‑17,53,29,293,71,Solo
Mine,Taylor Swift,pop,2010,2022‑02‑17,62,66,231,70,Solo
Today Was A Fairytale,Taylor Swift,pop,2011,2022‑02‑17,49,34,242,56,Solo
If I Die Young,The Band Perry,contemporary country,2010,2022‑02‑17,61,36,223,74,Band/Group
For the First Time,The Script,celtic rock,2011,2022‑02‑17,40,36,253,66,Band/Group
All Time Low,The Wanted,boy band,2010,2022‑02‑17,69,79,205,63,Band/Group
Seek Bromance (Avicii Vocal Edit),Tim Berg,edm,2010,2022‑02‑17,49,55,201,55,Solo
Carry Out (Featuring Justin Timberlake),Timbaland,dance pop,2009,2022‑02‑17,53,27,232,74,Solo
If We Ever Meet Again (Featuring Katy Perry),Timbaland,dance pop,2009,2022‑02‑17,65,39,293,74,Solo
Pass Out,Tinie Tempah,dance pop,2010,2022‑02‑17,69,53,268,51,Solo
Written in the Stars (feat. Eric Turner),Tinie Tempah,dance pop,2010,2022‑02‑17,62,30,208,51,Solo
"Hey, Soul Sister",Train,dance pop,2010,2022‑02‑17,67,80,217,87,Band/Group
Billionaire (feat. Bruno Mars),Travie McCoy,dance pop,2010,2022‑02‑17,63,66,211,77,Solo
Bottoms Up (feat. Nicki Minaj),Trey Songz,dance pop,2010,2022‑02‑17,84,33,242,78,Solo
Say Aah (feat. Fabolous),Trey Songz,dance pop,2009,2022‑02‑17,72,81,208,68,Solo
What You Know,Two Door Cinema Club,indie rock,2010,2022‑02‑17,56,78,192,76,Band/Group
DJ Got Us Fallin' In Love (feat. Pitbull),Usher,atl hip hop,2010,2022‑02‑17,66,65,221,84,Solo
OMG (feat. will.i.am),Usher,atl hip hop,2010,2022‑02‑17,78,33,269,78,Solo
Hey Daddy (Daddy's Home),Usher,atl hip hop,2010,2022‑02‑17,59,35,224,65,Solo
No Hands (feat. Roscoe Dash & Wale),Waka Flocka Flame,atl hip hop,2010,2022‑02‑17,76,36,264,63,Solo
We No Speak Americano (Edit),Yolanda Be Cool,australian dance,2020,2022‑02‑17,90,75,157,65,Duo
BedRock,Young Money,dance pop,2009,2022‑02‑17,73,56,288,76,Band/Group
Rolling in the Deep,Adele,british soul,2011,2020‑06‑16,73,51,228,84,Solo
Set Fire to the Rain,Adele,british soul,2011,2020‑06‑16,60,45,243,81,Solo
Mr. Saxobeat,Alexandra Stan,dance pop,2011,2020‑06‑16,72,78,195,69,Solo
What the Hell,Avril Lavigne,canadian pop,2011,2020‑06‑16,58,88,221,80,Solo
Lighters,Bad Meets Evil,detroit hip hop,2011,2020‑06‑16,68,14,304,74,Duo
Love On Top,Beyoncé,dance pop,2011,2020‑06‑16,65,65,267,79,Solo
Best Thing I Never Had,Beyoncé,dance pop,2011,2020‑06‑16,55,30,254,74,Solo
Skinny Love,Birdy,pop,2011,2020‑06‑16,38,17,201,77,Solo
Just Can’t Get Enough,Black Eyed Peas,dance pop,2010,2020‑06‑16,66,26,219,81,Band/Group
Honey Bee,Blake Shelton,contemporary country,2011,2020‑06‑16,48,72,211,69,Solo
Holocene,Bon Iver,eau claire indie,2011,2020‑06‑16,37,15,337,70,Band/Group
I Wanna Go,Britney Spears,dance pop,2011,2020‑06‑16,70,79,210,71,Solo
Till the World Ends,Britney Spears,dance pop,2011,2020‑06‑16,69,45,238,71,Solo
Grenade,Bruno Mars,dance pop,2010,2020‑06‑16,70,25,222,82,Solo
Marry You,Bruno Mars,dance pop,2010,2020‑06‑16,62,45,230,79,Solo
The Lazy Song,Bruno Mars,dance pop,2010,2020‑06‑16,79,96,189,77,Solo
Bounce (feat. Kelis) - Radio Edit,Calvin Harris,dance pop,2012,2020‑06‑16,78,76,222,67,Solo
Blind Faith,Chase & Status,dancefloor dnb,2011,2020‑06‑16,45,40,234,66,Duo
Champion (feat. Chris Brown),Chip,grime,2011,2020‑06‑16,42,52,237,54,Solo
Look At Me Now (feat. Lil' Wayne & Busta Rhymes),Chris Brown,dance pop,2011,2020‑06‑16,77,54,223,77,Solo
Yeah 3x,Chris Brown,dance pop,2011,2020‑06‑16,71,70,242,74,Solo
Beautiful People,Chris Brown,dance pop,2019,2020‑06‑16,42,54,226,59,Solo
Jar of Hearts,Christina Perri,dance pop,2011,2020‑06‑16,35,9,247,77,Solo
You Make Me Feel... (feat. Sabi),Cobra Starship,dance pop,2011,2020‑06‑16,67,75,216,75,Band/Group
Paradise,Coldplay,permanent wave,2011,2020‑06‑16,45,21,279,88,Band/Group
Every Teardrop Is a Waterfall,Coldplay,permanent wave,2011,2020‑06‑16,43,33,241,75,Band/Group
Where Them Girls At (feat. Nicki Minaj & Flo Rida),David Guetta,big room,2011,2020‑06‑16,66,56,210,69,Solo
Who's That Chick? (feat. Rihanna),David Guetta,big room,2010,2020‑06‑16,68,93,201,66,Solo
Coming Home,Diddy - Dirty Money,hip pop,2010,2020‑06‑16,39,23,239,74,Duo
Louder,DJ Fresh,dancefloor dnb,2012,2020‑06‑16,39,48,207,40,Solo
I'm On One,DJ Khaled,dance pop,2011,2020‑06‑16,41,44,296,75,Solo
I Need A Doctor,Dr. Dre,g funk,2011,2020‑06‑16,59,40,284,77,Solo
Headlines,Drake,canadian hip hop,2011,2020‑06‑16,64,43,236,80,Solo
The A Team,Ed Sheeran,pop,2011,2020‑06‑16,64,41,258,80,Solo
Lego House,Ed Sheeran,pop,2011,2020‑06‑16,59,56,185,77,Solo
Stereo Love - Radio Edit,Edward Maya,romanian house,2010,2020‑06‑16,80,59,185,71,Solo
Tonight (I'm Fuckin' You),Enrique Iglesias,dance pop,2010,2020‑06‑16,67,27,232,65,Solo
Springsteen,Eric Church,contemporary country,2011,2020‑06‑16,69,93,263,77,Solo
Changed the Way You Kiss Me - Radio Edit,Example,dance pop,2011,2020‑06‑16,58,19,195,69,Solo
Rocketeer,Far East Movement,asian american hip hop,2010,2020‑06‑16,66,36,211,73,Band/Group
Shake It Out,Florence + The Machine,baroque pop,2011,2020‑06‑16,53,22,278,68,Band/Group
Pumped Up Kicks,Foster The People,indietronica,2011,2020‑06‑16,73,97,240,88,Band/Group
Tongue Tied,Grouplove,indie pop,2011,2020‑06‑16,56,37,218,84,Band/Group
Stereo Hearts (feat. Adam Levine),Gym Class Heroes,dance pop,2011,2020‑06‑16,65,80,211,87,Band/Group
Tonight Tonight,Hot Chelle Rae,dance pop,2011,2020‑06‑16,69,81,200,79,Band/Group
Dirt Road Anthem,Jason Aldean,contemporary country,2010,2020‑06‑16,68,64,229,77,Solo
It Girl,Jason Derulo,dance pop,2011,2020‑06‑16,67,35,192,76,Solo
Don't Wanna Go Home,Jason Derulo,dance pop,2011,2020‑06‑16,67,64,206,68,Solo
On The Floor,Jennifer Lopez,dance pop,2011,2020‑06‑16,73,57,285,84,Solo
Down On Me,Jeremih,chicago rap,2010,2020‑06‑16,70,59,228,77,Solo
Do It Like A Dude,Jessie J,dance pop,2011,2020‑06‑16,66,38,195,53,Solo
All Of The Lights,Kanye West,chicago rap,2010,2020‑06‑16,53,22,300,82,Solo
Last Friday Night (T.G.I.F.),Katy Perry,dance pop,2012,2020‑06‑16,65,77,231,80,Solo
Firework,Katy Perry,dance pop,2010,2020‑06‑16,64,65,228,72,Solo
E.T.,Katy Perry,dance pop,2012,2020‑06‑16,62,76,230,71,Solo
Motivation,Kelly Rowland,atl hip hop,2011,2020‑06‑16,74,27,231,70,Solo
Pretty Girl Rock,Keri Hilson,dance pop,2010,2020‑06‑16,67,90,244,72,Solo
We R Who We R,Kesha,dance pop,2010,2020‑06‑16,74,65,205,77,Solo
Blow,Kesha,dance pop,2010,2020‑06‑16,75,81,220,75,Solo
Earthquake (feat. Tinie Tempah),Labrinth,indie poptimism,2012,2020‑06‑16,54,26,275,68,Solo
Just A Kiss,Lady A,contemporary country,2011,2020‑06‑16,59,33,219,69,Band/Group
Born This Way,Lady Gaga,art pop,2011,2020‑06‑16,59,49,260,73,Solo
The Edge Of Glory,Lady Gaga,art pop,2011,2020‑06‑16,58,36,321,68,Solo
6 Foot 7 Foot,Lil Wayne,hip hop,2011,2020‑06‑16,37,60,249,77,Solo
How To Love,Lil Wayne,hip hop,2011,2020‑06‑16,64,27,240,72,Solo
Party Rock Anthem,LMFAO,dance pop,2011,2020‑06‑16,75,36,262,74,Duo
Sexy And I Know It,LMFAO,dance pop,2011,2020‑06‑16,71,80,199,68,Duo
The Show Goes On,Lupe Fiasco,chicago rap,2011,2020‑06‑16,59,65,240,76,Solo
I Follow Rivers - The Magician Remix,Lykke Li,art pop,2021,2020‑06‑25,79,30,280,67,Solo
Midnight City,M83,french shoegaze,2011,2020‑06‑16,53,32,241,76,Duo
Donald Trump,Mac Miller,hip hop,2011,2020‑06‑16,64,84,166,67,Solo
Buzzin Remix,Mann,pop rap,2011,2020‑06‑16,69,54,224,53,Solo
"Moves Like Jagger - Studio Recording From ""The Voice"" Performance",Maroon 5,pop,2010,2020‑06‑16,72,62,201,75,Band/Group
Sure Thing,Miguel,dance pop,2010,2020‑06‑16,68,50,195,84,Solo
When We Stand Together,Nickelback,alternative metal,2011,2020‑06‑16,45,88,191,71,Band/Group
Super Bass,Nicki Minaj,dance pop,2010,2020‑06‑16,72,67,200,83,Solo
L.I.F.E.G.O.E.S.O.N.,Noah And The Whale,indie folk,2011,2020‑06‑16,60,61,228,63,Band/Group
Heart Skips a Beat (feat. Rizzle Kicks),Olly Murs,dance pop,2011,2020‑06‑16,84,88,202,66,Solo
Good Life,OneRepublic,dance pop,2009,2020‑06‑16,63,65,253,78,Band/Group
Raise Your Glass,P!nk,dance pop,2010,2020‑06‑16,70,62,203,81,Solo
"Give Me Everything (feat. Ne-Yo, Afrojack & Nayer)",Pitbull,dance pop,2011,2020‑06‑16,67,53,252,86,Solo
Hey Baby (Drop It to the Floor) (feat. T-Pain),Pitbull,dance pop,2011,2020‑06‑16,60,76,234,76,Solo
Read All About It,Professor Green,grime,2021,2020‑06‑16,66,45,236,35,Solo
The Adventures of Rain Dance Maggie,Red Hot Chili Peppers,alternative rock,2011,2020‑06‑16,68,58,282,71,Band/Group
S&M,Rihanna,barbadian pop,2010,2020‑06‑16,77,84,244,82,Solo
We Found Love,Rihanna,barbadian pop,2011,2020‑06‑16,74,60,215,80,Solo
What's My Name?,Rihanna,barbadian pop,2010,2020‑06‑16,69,56,263,75,Solo
Down With The Trumpets,Rizzle Kicks,uk hip hop,2011,2020‑06‑16,75,79,187,65,Duo
Loca People - Radio Edit,Sak Noel,electro house,2011,2020‑06‑16,93,70,216,45,Solo
Love You Like A Love Song,Selena Gomez & The Scene,dance pop,2011,2020‑06‑16,86,92,188,85,Band/Group
Who Says,Selena Gomez & The Scene,dance pop,2011,2020‑06‑16,68,74,196,81,Band/Group
Sweat - Remix,Snoop Dogg,g funk,2011,2020‑06‑16,81,73,196,73,Solo
Save The World,Swedish House Mafia,dance pop,2011,2020‑06‑16,51,40,213,70,Band/Group
Higher,Taio Cruz,dance pop,2011,2020‑06‑16,67,70,188,51,Solo
If I Die Young,The Band Perry,contemporary country,2010,2020‑06‑16,61,36,223,74,Band/Group
Glad You Came,The Wanted,boy band,2011,2020‑06‑16,72,45,198,83,Band/Group
More - RedOne Jimmy Joker Remix,Usher,atl hip hop,2010,2020‑06‑16,55,79,220,72,Solo
No Hands (feat. Roscoe Dash & Wale),Waka Flocka Flame,atl hip hop,2010,2020‑06‑16,76,36,264,81,Solo
Black and Yellow,Wiz Khalifa,dance pop,2011,2020‑06‑16,68,54,218,80,Solo
Roll Up,Wiz Khalifa,dance pop,2011,2020‑06‑16,52,60,228,68,Solo
Skyfall,Adele,british soul,2012,2020‑06‑22,35,8,286,80,Solo
Rumour Has It,Adele,british soul,2011,2020‑06‑22,61,57,223,72,Solo
Years,Alesso,dance pop,2013,2020‑06‑22,37,32,195,53,Solo
Too Close,Alex Clare,modern alternative rock,2011,2020‑06‑22,58,29,257,67,Solo
Breezeblocks,alt-J,indie rock,2012,2020‑06‑22,62,29,227,77,Band/Group
R U Mine?,Arctic Monkeys,garage rock,2012,2020‑06‑22,52,68,200,39,Band/Group
One Day / Reckoning Song (Wankelmut Remix) - Radio Edit,Asaf Avidan,israeli pop,2012,2020‑06‑22,83,53,215,72,Solo
Levels - Radio Edit,Avicii,dance pop,2011,2020‑06‑22,58,46,200,82,Solo
Silhouettes - Original Radio Edit,Avicii,dance pop,2012,2020‑06‑22,61,84,212,68,Solo
212,Azealia Banks,dance pop,2014,2020‑06‑22,85,62,205,73,Solo
So Good,B.o.B,atl hip hop,2012,2020‑06‑22,66,59,213,70,Solo
Locked out of Heaven,Bruno Mars,dance pop,2012,2020‑06‑11,73,87,233,91,Solo
It Will Rain,Bruno Mars,dance pop,2011,2020‑06‑22,58,48,258,74,Solo
Feel So Close - Radio Edit,Calvin Harris,dance pop,2012,2020‑06‑22,71,92,206,85,Solo
Let's Go (feat. Ne-Yo),Calvin Harris,dance pop,2012,2020‑06‑22,71,88,233,71,Solo
We'll Be Coming Back (feat. Example),Calvin Harris,dance pop,2012,2020‑06‑22,60,57,234,68,Solo
Call Me Maybe,Carly Rae Jepsen,canadian pop,2012,2020‑06‑22,78,66,193,76,Solo
Blown Away,Carrie Underwood,contemporary country,2012,2022‑03‑22,53,39,240,68,Solo
Want U Back,Cher Lloyd,dance pop,2012,2020‑06‑22,69,56,215,71,Solo
Turn Up the Music,Chris Brown,dance pop,2012,2020‑06‑22,59,64,228,69,Solo
Paradise,Coldplay,permanent wave,2011,2020‑06‑22,45,21,279,88,Band/Group
Princess of China,Coldplay,permanent wave,2011,2020‑06‑22,42,24,239,72,Band/Group
Turn Me On (feat. Nicki Minaj),David Guetta,big room,2011,2020‑06‑22,71,41,200,64,Solo
In The Dark,DEV,dance pop,2012,2020‑06‑22,74,44,226,62,Solo
Latch,Disclosure,edm,2013,2020‑06‑22,73,54,256,75,Duo
Hot Right Now - Edit,DJ Fresh,dancefloor dnb,2010,2020‑06‑22,51,39,179,41,Solo
Take Care,Drake,canadian hip hop,2011,2020‑06‑22,63,30,277,81,Solo
The Motto,Drake,canadian hip hop,2011,2020‑06‑22,77,39,182,79,Solo
Lights - Single Version,Ellie Goulding,dance pop,2010,2020‑06‑22,68,78,211,68,Solo
Good Feeling,Flo Rida,dance pop,2012,2020‑06‑22,71,68,248,81,Solo
Spectrum (Say My Name) - Calvin Harris Remix,Florence + The Machine,baroque pop,2012,2020‑06‑22,58,59,218,59,Band/Group
Lost,Frank Ocean,alternative r&b,2012,2020‑06‑22,91,50,234,91,Solo
Thinkin Bout You,Frank Ocean,alternative r&b,2012,2020‑06‑22,72,20,201,81,Solo
We Are Young (feat. Janelle Monáe),fun.,baroque pop,2012,2020‑06‑22,38,74,251,79,Band/Group
Some Nights,fun.,baroque pop,2012,2020‑06‑22,67,39,277,76,Band/Group
Somebody That I Used To Know,Gotye,australian pop,2011,2020‑06‑22,86,72,245,81,Solo
Oblivion,Grimes,art pop,2012,2020‑06‑22,70,49,251,71,Solo
Ass Back Home (feat. Neon Hitch),Gym Class Heroes,dance pop,2011,2020‑06‑22,72,65,222,67,Band/Group
I Love It (feat. Charli XCX),Icona Pop,candy pop,2013,2020‑06‑22,71,82,157,74,Duo
It's Time,Imagine Dragons,modern rock,2012,2020‑06‑22,66,86,238,72,Band/Group
On Top Of The World,Imagine Dragons,modern rock,2012,2020‑06‑22,64,76,190,72,Band/Group
Ni**as In Paris,JAY-Z,east coast hip hop,2011,2020‑06‑22,79,78,219,88,Solo
Boyfriend,Justin Bieber,canadian pop,2012,2020‑06‑22,72,33,171,68,Solo
Mercy,Kanye West,chicago rap,2012,2020‑06‑22,56,43,329,79,Solo
Brokenhearted,Karmin,dance pop,2012,2020‑06‑22,77,89,227,70,Duo
The One That Got Away,Katy Perry,dance pop,2012,2020‑06‑22,69,86,227,78,Solo
Part Of Me,Katy Perry,dance pop,2012,2020‑06‑22,68,77,216,78,Solo
Swimming Pools (Drank) - Extended Version,Kendrick Lamar,conscious hip hop,2012,2020‑06‑22,72,26,314,76,Solo
m.A.A.d city,Kendrick Lamar,conscious hip hop,2012,2020‑06‑22,49,22,350,73,Solo
Die Young,Kesha,dance pop,2012,2020‑06‑25,71,80,212,83,Solo
C'Mon,Kesha,dance pop,2012,2020‑06‑22,56,29,214,67,Solo
Ride,Lana Del Rey,art pop,2012,2020‑06‑22,37,19,289,64,Solo
Video Games,Lana Del Rey,art pop,2012,2020‑06‑22,39,18,282,63,Solo
Born To Die,Lana Del Rey,art pop,2012,2020‑06‑22,39,40,286,62,Solo
BURN IT DOWN,Linkin Park,alternative metal,2012,2020‑06‑22,59,59,230,79,Band/Group
Sexy And I Know It,LMFAO,dance pop,2011,2020‑06‑22,71,80,199,68,Duo
Battle Scars (with Guy Sebastian),Lupe Fiasco,chicago rap,2012,2020‑06‑22,52,49,250,74,Solo
Primadonna,MARINA,art pop,2012,2020‑06‑22,66,43,221,84,Solo
How to Be a Heartbreaker,MARINA,art pop,2012,2020‑06‑22,69,85,221,77,Solo
One More Night,Maroon 5,pop,2012,2020‑06‑22,72,61,219,74,Band/Group
Payphone,Maroon 5,pop,2012,2020‑06‑22,74,52,231,69,Band/Group
Adorn,Miguel,dance pop,2012,2020‑06‑22,63,24,193,72,Solo
Madness,Muse,modern rock,2012,2020‑06‑22,50,22,281,72,Band/Group
Everybody Talks,Neon Trees,modern alternative rock,2012,2020‑06‑22,47,73,177,85,Band/Group
Starships,Nicki Minaj,dance pop,2011,2020‑06‑22,75,75,211,78,Solo
Pound The Alarm,Nicki Minaj,dance pop,2012,2020‑06‑22,73,59,206,69,Solo
Dirty Paws,Of Monsters and Men,folk-pop,2012,2021‑08‑09,36,13,278,74,Band/Group
Troublemaker (feat. Flo Rida),Olly Murs,dance pop,2012,2020‑06‑22,76,97,186,80,Solo
What Makes You Beautiful,One Direction,boy band,2012,2020‑06‑22,73,89,200,88,Band/Group
Live While We're Young,One Direction,boy band,2012,2020‑06‑22,66,93,200,79,Band/Group
Million Voices - Radio Edit,Otto Knows,edm,2012,2020‑06‑22,58,7,193,75,Solo
Good Time,Owl City,indietronica,2012,2020‑06‑22,56,68,206,82,Band/Group
Blow Me (One Last Kiss),P!nk,dance pop,2012,2020‑06‑22,60,73,256,71,Solo
Take a Walk,Passion Pit,alternative dance,2012,2020‑06‑22,57,45,264,74,Band/Group
"Gone, Gone, Gone",Phillip Phillips,folk-pop,2013,2020‑06‑22,66,50,210,76,Solo
Home,Phillip Phillips,folk-pop,2013,2021‑08‑09,61,32,210,73,Solo
Gangnam Style (강남스타일),PSY,k-pop,2012,2020‑06‑22,73,75,219,77,Solo
We Found Love,Rihanna,barbadian pop,2011,2020‑06‑22,74,60,215,80,Solo
Where Have You Been,Rihanna,barbadian pop,2011,2020‑06‑22,72,44,243,76,Solo
R.I.P. (feat. Tinie Tempah),Rita Ora,dance pop,2012,2020‑06‑22,61,35,228,52,Solo
Mama Do The Hump,Rizzle Kicks,uk hip hop,2011,2020‑06‑22,72,56,216,61,Duo
Candy,Robbie Williams,dance pop,2012,2020‑06‑22,72,88,201,73,Solo
Feel the Love (feat. John Newman),Rudimental,dance pop,2013,2020‑06‑22,39,24,245,52,Band/Group
Hands on the Wheel (feat. Asap Rocky),ScHoolboy Q,gangster rap,2012,2020‑06‑22,65,18,197,67,Solo
Bangarang (feat. Sirah),Skrillex,brostep,2011,2020‑06‑29,72,58,215,75,Solo
"Young, Wild & Free (feat. Bruno Mars)",Snoop Dogg,g funk,2011,2020‑06‑22,72,53,207,82,Solo
Don't You Worry Child - Radio Edit,Swedish House Mafia,dance pop,2012,2020‑06‑22,61,44,213,81,Band/Group
I Knew You Were Trouble.,Taylor Swift,pop,2012,2020‑06‑22,62,68,220,82,Solo
We Are Never Ever Getting Back Together,Taylor Swift,pop,2012,2020‑06‑22,63,75,193,80,Solo
Ho Hey,The Lumineers,folk-pop,2012,2020‑06‑22,69,35,163,77,Band/Group
Chasing The Sun,The Wanted,boy band,2012,2020‑06‑22,64,68,199,74,Band/Group
Angels,The xx,downtempo,2012,2020‑06‑22,42,34,172,68,Band/Group
Drive By,Train,dance pop,2012,2020‑06‑22,77,72,196,82,Band/Group
50 Ways to Say Goodbye,Train,dance pop,2012,2020‑06‑22,59,74,248,73,Band/Group
Heart Attack,Trey Songz,dance pop,2012,2020‑06‑22,61,48,233,61,Solo
Rack City,Tyga,dance pop,2012,2020‑06‑22,93,27,203,67,Solo
Faded,Tyga,dance pop,2012,2020‑06‑22,83,34,207,63,Solo
Climax,Usher,atl hip hop,2012,2020‑06‑22,65,33,233,65,Solo
Anna Sun,WALK THE MOON,dance pop,2012,2021‑08‑09,47,34,321,68,Band/Group
"Work Hard, Play Hard",Wiz Khalifa,dance pop,2012,2020‑06‑22,79,49,219,67,Solo
We Own It (Fast & Furious),2 Chainz,atl hip hop,2013,2020‑06‑11,56,56,228,75,Solo
"F**kin' Problems (feat. Drake, 2 Chainz & Kendrick Lamar)",A$AP Rocky,east coast hip hop,2013,2020‑06‑11,85,66,234,81,Solo
Why'd You Only Call Me When You're High?,Arctic Monkeys,garage rock,2013,2020‑06‑11,69,80,161,90,Band/Group
Do I Wanna Know?,Arctic Monkeys,garage rock,2013,2020‑06‑11,55,41,272,89,Band/Group
The Way,Ariana Grande,dance pop,2013,2020‑06‑11,65,86,227,71,Solo
Wake Me Up,Avicii,dance pop,2013,2020‑06‑11,53,64,247,89,Solo
I Could Be The One (Avicii Vs. Nicky Romero) - Radio Edit,Avicii,dance pop,2012,2020‑06‑11,51,64,208,73,Solo
Here's to Never Growing Up,Avril Lavigne,canadian pop,2013,2020‑06‑11,48,74,214,75,Solo
Sail,AWOLNATION,la indie,2011,2020‑06‑11,83,27,259,80,Band/Group
Harlem Shake,Baauer,bass trap,2013,2020‑06‑11,45,28,197,63,Solo
Pompeii,Bastille,metropopolis,2013,2020‑06‑11,68,57,214,80,Band/Group
Of The Night,Bastille,metropopolis,2013,2020‑06‑11,67,35,214,66,Band/Group
Get Up (Rattle),Bingo Players,big room,2013,2020‑06‑11,80,80,167,61,Duo
Sure Be Cool If You Did,Blake Shelton,contemporary country,2013,2020‑06‑11,58,58,216,61,Solo
Ready or Not,Bridgit Mendler,dance pop,2012,2020‑06‑11,72,75,201,77,Solo
Work Bitch,Britney Spears,dance pop,2013,2020‑06‑11,63,85,248,76,Solo
Locked out of Heaven,Bruno Mars,dance pop,2012,2020‑06‑11,73,87,233,91,Solo
When I Was Your Man,Bruno Mars,dance pop,2012,2020‑06‑11,61,39,214,89,Solo
Treasure,Bruno Mars,dance pop,2012,2020‑06‑11,87,94,179,83,Solo
Sweet Nothing (feat. Florence Welch),Calvin Harris,dance pop,2012,2020‑06‑11,57,58,213,76,Solo
I Need Your Love (feat. Ellie Goulding),Calvin Harris,dance pop,2012,2020‑06‑11,70,58,235,75,Solo
Thinking About You (feat. Ayah Marar),Calvin Harris,dance pop,2012,2020‑06‑11,73,75,248,71,Solo
Drinking from the Bottle (feat. Tinie Tempah),Calvin Harris,dance pop,2012,2020‑06‑11,67,53,240,67,Solo
Safe And Sound,Capital Cities,metropopolis,2013,2020‑06‑11,66,77,193,87,Duo
3005,Childish Gambino,atl hip hop,2013,2020‑06‑11,47,64,234,83,Solo
Fine China,Chris Brown,dance pop,2014,2020‑06‑11,65,59,213,66,Solo
The Mother We Share,CHVRCHES,electropop,2013,2020‑06‑11,46,34,191,61,Band/Group
Body Party,Ciara,dance pop,2013,2020‑06‑11,58,12,234,70,Solo
Get Lucky (feat. Pharrell Williams & Nile Rodgers) - Radio Edit,Daft Punk,electro,2013,2020‑06‑11,79,86,248,88,Duo
Lose Yourself to Dance (feat. Pharrell Williams),Daft Punk,electro,2013,2020‑06‑11,83,67,354,74,Duo
Play Hard (feat. Ne-Yo & Akon),David Guetta,big room,2011,2020‑06‑11,69,80,201,65,Solo
Heart Attack,Demi Lovato,dance pop,2013,2020‑06‑11,50,50,211,85,Solo
White Noise,Disclosure,edm,2013,2020‑06‑11,68,87,278,54,Duo
"Hold On, We're Going Home",Drake,canadian hip hop,2013,2020‑06‑11,78,29,228,76,Solo
Started From the Bottom,Drake,canadian hip hop,2013,2020‑06‑11,79,58,174,71,Solo
Need U (100%) (feat. A*M*E) - Radio Edit,Duke Dumont,destroy techno,2013,2020‑06‑11,67,46,174,65,Solo
The Monster,Eminem,detroit hip hop,2013,2020‑06‑11,78,62,250,81,Solo
Berzerk,Eminem,detroit hip hop,2013,2020‑06‑11,74,68,239,72,Solo
My Songs Know What You Did In The Dark (Light Em Up),Fall Out Boy,emo,2013,2020‑06‑11,56,57,187,77,Band/Group
I Cry,Flo Rida,dance pop,2012,2020‑06‑11,69,76,224,69,Solo
Cruise,Florida Georgia Line,contemporary country,2012,2020‑06‑11,46,88,209,63,Duo
I Love It (feat. Charli XCX),Icona Pop,candy pop,2013,2020‑06‑11,71,82,157,74,Duo
Demons,Imagine Dragons,modern rock,2012,2020‑06‑11,51,43,175,78,Band/Group
Radioactive,Imagine Dragons,modern rock,2012,2020‑06‑11,45,24,187,77,Band/Group
Power Trip (feat. Miguel),J. Cole,conscious hip hop,2013,2020‑06‑11,67,48,241,81,Solo
Talk Dirty (feat. 2 Chainz),Jason Derulo,dance pop,2013,2020‑06‑11,76,76,178,71,Solo
The Other Side,Jason Derulo,dance pop,2013,2020‑06‑11,56,52,227,66,Solo
Holy Grail,JAY-Z,east coast hip hop,2013,2020‑06‑11,68,16,338,68,Solo
Love Me Again,John Newman,dance pop,2013,2020‑06‑11,50,21,240,69,Solo
Beauty And A Beat,Justin Bieber,canadian pop,2012,2020‑06‑11,60,53,228,78,Solo
Mirrors,Justin Timberlake,dance pop,2013,2020‑06‑11,57,51,484,83,Solo
Suit & Tie (feat. Jay-Z),Justin Timberlake,dance pop,2013,2020‑06‑11,80,36,326,72,Solo
Black Skinhead,Kanye West,chicago rap,2013,2020‑06‑11,77,33,188,80,Solo
This Is How We Do,Katy Perry,dance pop,2013,2020‑06‑11,69,80,204,66,Solo
Sonnentanz - Sun Don't Shine,Klangkarussell,austrian pop,2013,2020‑06‑11,59,17,236,56,Duo
All I Want,Kodaline,irish pop,2013,2020‑06‑11,19,16,306,86,Band/Group
High Hopes,Kodaline,irish pop,2013,2020‑06‑11,49,22,230,73,Band/Group
Summertime Sadness (Lana Del Rey Vs. Cedric Gervais) - Cedric Gervais Remix,Lana Del Rey,art pop,2013,2020‑06‑11,57,11,215,78,Solo
Love Me,Lil Wayne,hip hop,2013,2020‑06‑11,67,50,255,73,Solo
Somewhere Only We Know,Lily Allen,dance pop,2014,2020‑06‑11,31,29,209,56,Solo
Royals,Lorde,art pop,2013,2020‑06‑11,67,34,190,83,Solo
Team,Lorde,art pop,2013,2020‑06‑11,69,42,193,82,Solo
Can't Hold Us (feat. Ray Dalton),Macklemore & Ryan Lewis,dance pop,2012,2020‑06‑11,64,85,258,87,Duo
Thrift Shop (feat. Wanz),Macklemore & Ryan Lewis,dance pop,2012,2020‑06‑11,78,67,236,79,Duo
Same Love (feat. Mary Lambert),Macklemore & Ryan Lewis,dance pop,2012,2020‑06‑11,69,30,319,69,Duo
Daylight,Maroon 5,pop,2012,2020‑06‑11,66,33,225,66,Band/Group
Animals - Radio Edit,Martin Garrix,dance pop,2016,2020‑06‑11,59,4,176,64,Solo
It's a Beautiful Day,Michael Bublé,adult standards,2013,2020‑06‑11,53,78,199,71,Solo
We Can't Stop,Miley Cyrus,dance pop,2013,2020‑06‑11,61,48,231,83,Solo
I Will Wait,Mumford & Sons,modern folk rock,2012,2020‑06‑11,48,45,277,73,Band/Group
La La La,Naughty Boy,tropical house,2013,2020‑06‑11,75,25,221,63,Solo
Hey Porsche,Nelly,dance pop,2013,2020‑06‑11,73,95,209,49,Solo
Little Talks,Of Monsters and Men,folk-pop,2012,2020‑06‑11,46,42,267,85,Band/Group
Best Song Ever,One Direction,boy band,2013,2020‑06‑11,65,49,200,81,Band/Group
One Way or Another (Teenage Kicks),One Direction,boy band,2013,2020‑06‑11,49,41,157,71,Band/Group
True Love (feat. Lily Allen),P!nk,dance pop,2012,2021‑10‑19,46,58,231,76,Solo
Still into You,Paramore,candy pop,2013,2020‑06‑11,60,77,216,85,Band/Group
Ain't It Fun,Paramore,candy pop,2013,2020‑06‑25,61,67,297,78,Band/Group
Home,Phillip Phillips,folk-pop,2013,2020‑06‑11,61,32,210,73,Solo
Feel This Moment (feat. Christina Aguilera),Pitbull,dance pop,2012,2020‑06‑11,67,54,230,82,Solo
Don't Stop the Party (feat. TJR),Pitbull,dance pop,2012,2020‑06‑11,72,95,206,69,Solo
Blurred Lines,Robin Thicke,contemporary r&b,2013,2020‑06‑11,86,88,263,61,Solo
Waiting All Night (feat. Ella Eyre),Rudimental,dance pop,2013,2020‑06‑11,54,28,293,50,Solo
Reload - Radio Edit,Sebastian Ingrosso,dance pop,2013,2020‑06‑11,49,43,221,73,Solo
Come & Get It,Selena Gomez,dance pop,2013,2020‑06‑11,55,57,232,75,Solo
Look Right Through - MK Vocal Edit,Storm Queen,deep disco house,2013,2020‑06‑11,83,51,148,44,Solo
Papaoutai,Stromae,belgian pop,2013,2020‑06‑11,73,25,232,60,Solo
I Knew You Were Trouble.,Taylor Swift,pop,2012,2020‑06‑11,62,68,220,82,Solo
22,Taylor Swift,pop,2012,2020‑06‑11,66,67,232,74,Solo
Everything Has Changed,Taylor Swift,pop,2012,2020‑06‑11,62,44,245,71,Solo
Chocolate,The 1975,modern alternative rock,2013,2020‑06‑11,59,68,225,66,Band/Group
Ho Hey,The Lumineers,folk-pop,2012,2020‑06‑11,69,35,163,77,Band/Group
Sweater Weather,The Neighbourhood,modern alternative rock,2013,2020‑06‑11,61,40,240,95,Band/Group
What About Us,The Saturdays,bubblegum dance,2013,2020‑06‑11,70,69,221,67,Band/Group
Another Love,Tom Odell,chill pop,2013,2020‑06‑11,45,13,244,94,Solo
Bad (feat. Rihanna) - Remix,Wale,gangster rap,2013,2020‑06‑11,81,45,239,67,Solo
Scream & Shout,will.i.am,dance pop,2013,2020‑06‑11,77,50,283,83,Solo
#thatPOWER,will.i.am,dance pop,2013,2020‑06‑11,80,40,280,74,Solo
The Fox (What Does the Fox Say?),Ylvis,comic,2013,2020‑06‑11,70,55,214,68,Duo
Clarity,Zedd,complextro,2012,2020‑06‑11,51,18,271,80,Solo
She Looks So Perfect,5 Seconds of Summer,boy band,2014,2020‑06‑10,49,44,202,78,Band/Group
Amnesia,5 Seconds of Summer,boy band,2014,2020‑06‑10,57,11,237,71,Band/Group
Heroes (we could be),Alesso,dance pop,2014,2020‑06‑10,52,35,210,58,Solo
The Man,Aloe Blacc,pop soul,2014,2020‑06‑10,31,49,255,63,Solo
Best Day Of My Life,American Authors,indie poptimism,2014,2020‑06‑10,67,54,194,83,Band/Group
Love Me Harder,Ariana Grande,dance pop,2014,2020‑06‑10,47,24,236,80,Solo
Problem,Ariana Grande,dance pop,2014,2020‑06‑10,66,63,194,78,Solo
Break Free,Ariana Grande,dance pop,2014,2020‑06‑10,69,28,215,80,Solo
Hey Brother,Avicii,dance pop,2013,2020‑06‑10,55,46,255,82,Solo
Shower,Becky G,dance pop,2014,2020‑06‑10,70,12,206,83,Solo
Drunk in Love (feat. Jay-Z),Beyoncé,dance pop,2014,2020‑06‑10,59,40,323,75,Solo
Hot N*gga,Bobby Shmurda,nyc rap,2014,2020‑06‑10,79,18,195,78,Solo
Summer,Calvin Harris,dance pop,2014,2020‑06‑10,60,74,223,86,Solo
Blame (feat. John Newman),Calvin Harris,dance pop,2014,2020‑06‑10,41,35,213,81,Solo
Under Control (feat. Hurts),Calvin Harris,dance pop,2014,2020‑06‑10,54,51,184,77,Solo
Boom Clap,Charli XCX,art pop,2014,2020‑06‑10,66,58,170,54,Solo
Loyal (feat. Lil Wayne & Tyga),Chris Brown,dance pop,2014,2020‑06‑10,84,62,265,78,Solo
New Flame (feat. Usher & Rick Ross),Chris Brown,dance pop,2014,2020‑06‑10,70,45,244,73,Solo
Rather Be (feat. Jess Glynne),Clean Bandit,dance pop,2014,2020‑06‑10,80,55,228,77,Band/Group
First,Cold War Kids,alternative rock,2014,2020‑06‑10,47,56,200,71,Band/Group
Magic,Coldplay,permanent wave,2014,2020‑06‑10,74,35,285,78,Band/Group
A Sky Full of Stars,Coldplay,permanent wave,2014,2020‑06‑10,55,16,268,85,Band/Group
Bad (feat. Vassy) - Radio Edit,David Guetta,big room,2014,2020‑06‑10,61,41,171,56,Solo
Lovers on the Sun (feat. Sam Martin),David Guetta,big room,2014,2020‑06‑10,65,57,204,53,Solo
Latch,Disclosure,edm,2013,2020‑06‑10,73,54,256,75,Duo
Turn Down for What,DJ Snake,dance pop,2013,2020‑06‑10,82,8,214,76,Solo
You Know You Like It,DJ Snake,dance pop,2014,2020‑06‑10,41,25,247,75,Solo
I Got U,Duke Dumont,destroy techno,2014,2020‑06‑10,64,46,286,65,Solo
Cool Kids,Echosmith,dance pop,2013,2020‑06‑10,72,79,238,76,Band/Group
Don't,Ed Sheeran,pop,2014,2020‑06‑10,81,85,220,78,Solo
Sing,Ed Sheeran,pop,2014,2020‑06‑10,82,94,235,75,Solo
Ugly Heart,G.R.L.,dance pop,2014,2020‑06‑10,65,45,198,70,Band/Group
Budapest,George Ezra,folk-pop,2014,2020‑06‑10,72,39,201,83,Solo
Blame It on Me,George Ezra,folk-pop,2014,2021‑08‑09,54,42,196,73,Solo
Ready For Your Love,Gorgon City,deep groove house,2014,2020‑06‑10,68,47,199,51,Duo
Fancy,Iggy Azalea,australian hip hop,2014,2020‑06‑10,91,38,200,74,Solo
Black Widow,Iggy Azalea,australian hip hop,2014,2020‑06‑10,74,52,209,71,Solo
Talk Dirty (feat. 2 Chainz),Jason Derulo,dance pop,2013,2020‑06‑10,76,76,178,71,Solo
Wiggle (feat. Snoop Dogg),Jason Derulo,dance pop,2013,2020‑06‑10,70,72,193,63,Solo
Trumpets,Jason Derulo,dance pop,2013,2020‑06‑10,64,64,217,69,Solo
Don't Tell 'Em,Jeremih,chicago rap,2015,2020‑06‑10,86,39,267,80,Solo
Bang Bang,Jessie J,dance pop,2014,2020‑06‑10,71,75,199,83,Solo
All of Me,John Legend,neo soul,2013,2020‑06‑10,42,33,270,90,Solo
Not a Bad Thing,Justin Timberlake,dance pop,2013,2020‑06‑10,31,11,688,61,Solo
Dark Horse,Katy Perry,dance pop,2013,2020‑06‑10,65,35,216,79,Solo
Show Me (feat. Chris Brown),Kid Ink,dance pop,2014,2020‑06‑10,71,66,218,74,Solo
Hideaway,Kiesza,electropop,2014,2020‑06‑10,84,20,252,70,Solo
Jubel - Radio Edit,Klingande,deep house,2013,2020‑06‑29,69,10,202,55,Duo
Jealous,Labrinth,indie poptimism,2014,2020‑06‑10,44,10,288,82,Solo
Prayer in C - Robin Schulz Radio Edit,Lilly Wood and The Prick,french indie pop,2014,2020‑06‑10,76,80,189,77,Duo
Team,Lorde,art pop,2013,2020‑06‑10,69,42,193,82,Solo
Rude,MAGIC!,reggae fusion,2014,2020‑06‑10,77,93,225,85,Band/Group
Maps,Maroon 5,pop,2014,2020‑06‑10,74,88,190,87,Band/Group
Animals,Maroon 5,pop,2014,2020‑06‑10,28,33,231,85,Band/Group
Sugar,Maroon 5,pop,2014,2020‑06‑10,75,88,235,85,Band/Group
All About That Bass,Meghan Trainor,dance pop,2015,2020‑06‑10,81,96,188,78,Solo
Stolen Dance,Milky Chance,german pop,2014,2020‑06‑10,89,73,314,78,Band/Group
Classic,MKTO,dance pop,2012,2020‑06‑10,72,76,175,87,Duo
Waves - Robin Schulz Radio Edit,Mr. Probz,dutch hip hop,2014,2020‑06‑10,83,45,208,82,Solo
Somebody,Natalie La Rose,chicago rap,2014,2020‑06‑10,83,74,190,71,Solo
Jealous - Remix,Nick Jonas,dance pop,2015,2020‑06‑10,68,45,222,71,Solo
Anaconda,Nicki Minaj,dance pop,2014,2020‑06‑10,96,65,260,70,Solo
Am I Wrong,Nico & Vinz,pop rap,2014,2020‑06‑10,73,78,246,82,Duo
CoCo,O.T. Genasis,pop rap,2014,2020‑06‑10,89,18,240,66,Solo
Gecko (Overdrive) - Radio Edit,Oliver Heldens,dance pop,2014,2020‑06‑10,61,76,165,73,Solo
Wrapped Up,Olly Murs,dance pop,2014,2020‑06‑10,79,92,186,68,Solo
Post to Be (feat. Chris Brown & Jhene Aiko),Omarion,dance pop,2014,2020‑06‑10,73,70,227,60,Solo
Night Changes,One Direction,boy band,2014,2020‑06‑10,67,37,227,88,Band/Group
Steal My Girl,One Direction,boy band,2014,2020‑06‑10,54,55,228,84,Band/Group
Counting Stars,OneRepublic,dance pop,2014,2020‑06‑10,66,48,258,80,Band/Group
Love Runs Out,OneRepublic,dance pop,2014,2020‑06‑19,72,74,224,65,Band/Group
Only Love Can Hurt Like This,Paloma Faith,british soul,2014,2020‑08‑20,57,30,233,85,Solo
Ain't It Fun,Paramore,candy pop,2013,2020‑06‑10,61,67,297,78,Band/Group
High (feat. Nicole Millar),Peking Duk,aussietronica,2014,2020‑06‑29,53,38,228,54,Band/Group
"Happy - From ""Despicable Me 2""",Pharrell Williams,pop rap,2014,2020‑06‑10,65,96,233,85,Solo
Timber (feat. Ke$ha),Pitbull,dance pop,2012,2020‑06‑10,58,79,204,86,Solo
Me And My Broken Heart,Rixton,pop,2014,2020‑06‑10,55,55,194,83,Duo
My Love (feat. Jess Glynne),Route 94,deep groove house,2014,2020‑06‑10,81,73,260,78,Solo
Stay With Me,Sam Smith,dance pop,2014,2020‑06‑10,42,18,173,86,Solo
Money On My Mind,Sam Smith,dance pop,2014,2020‑06‑10,69,74,193,67,Solo
Collard Greens,ScHoolboy Q,gangster rap,2014,2020‑06‑10,83,65,300,84,Solo
Man Of The Year,ScHoolboy Q,gangster rap,2014,2020‑06‑10,75,37,216,76,Solo
Geronimo,Sheppard,australian indie,2015,2020‑06‑10,71,46,218,69,Band/Group
Chandelier,Sia,australian dance,2015,2020‑06‑10,40,57,216,73,Solo
Elastic Heart,Sia,australian dance,2015,2020‑06‑10,42,50,257,68,Solo
Nobody To Love,Sigma,dance pop,2014,2020‑06‑10,52,23,190,55,Solo
Style,Taylor Swift,pop,2014,2020‑06‑10,59,49,231,66,Solo
Bad Blood,Taylor Swift,pop,2014,2020‑06‑10,65,29,212,60,Solo
Shake It Off,Taylor Swift,pop,2014,2020‑06‑10,65,94,219,77,Solo
#SELFIE,The Chainsmokers,dance pop,2014,2020‑06‑10,79,66,184,69,Duo
Superheroes,The Script,celtic rock,2014,2020‑06‑10,49,64,245,79,Band/Group
Wasted,Tiësto,big room,2014,2020‑06‑10,64,39,190,68,Solo
Red Lights,Tiësto,big room,2014,2020‑06‑11,65,55,262,72,Solo
2 On (feat. ScHoolboy Q),Tinashe,alternative r&b,2014,2020‑06‑10,74,43,227,77,Solo
Habits (Stay High),Tove Lo,art pop,2014,2020‑06‑10,73,35,209,78,Solo
Talking Body,Tove Lo,art pop,2014,2020‑06‑10,74,11,238,72,Solo
Na Na,Trey Songz,dance pop,2015,2020‑06‑10,67,24,232,68,Solo
Riptide,Vance Joy,folk-pop,2014,2020‑06‑10,48,51,204,83,Solo
Stay The Night - Featuring Hayley Williams Of Paramore,Zedd,complextro,2012,2020‑06‑10,60,46,217,69,Solo
Faded,ZHU,edm,2014,2020‑06‑10,87,61,223,66,Solo
Ghost Town,Adam Lambert,dance pop,2015,2020‑06‑22,70,27,208,69,Solo
Here,Alessia Cara,canadian contemporary r&b,2015,2020‑06‑22,38,33,199,71,Solo
"Honey, I'm Good.",Andy Grammer,dance pop,2014,2020‑06‑19,75,60,199,78,Solo
Love Me Harder,Ariana Grande,dance pop,2014,2020‑06‑19,47,24,236,79,Solo
The Nights,Avicii,dance pop,2014,2020‑06‑19,53,65,177,89,Solo
Waiting For Love,Avicii,dance pop,2015,2020‑06‑19,58,61,231,84,Solo
  7/11,Beyoncé,dance pop,2014,2020‑06‑19,75,56,214,74,Solo
I Don't Fuck With You,Big Sean,detroit hip hop,2015,2020‑06‑19,82,40,284,80,Solo
Electric Love,BØRNS,modern rock,2015,2020‑06‑19,61,52,218,86,Solo
Don't,Bryson Tiller,kentucky hip hop,2015,2020‑06‑19,77,19,198,83,Solo
Outside (feat. Ellie Goulding),Calvin Harris,dance pop,2014,2020‑06‑19,65,42,227,82,Solo
How Deep Is Your Love,Calvin Harris,dance pop,2015,2020‑06‑19,74,34,213,80,Solo
Ayo,Chris Brown,dance pop,2015,2020‑06‑19,82,68,225,76,Solo
Cool for the Summer,Demi Lovato,dance pop,2015,2020‑06‑19,58,34,215,78,Solo
Confident,Demi Lovato,dance pop,2015,2020‑06‑19,59,34,206,69,Solo
Five More Hours,Deorro,dance pop,2017,2020‑06‑19,70,50,212,74,Solo
Omen - Radio Edit,Disclosure,edm,2015,2020‑06‑19,67,62,197,68,Duo
You Know You Like It,DJ Snake,dance pop,2014,2020‑06‑19,41,25,247,74,Solo
Hotline Bling,Drake,canadian hip hop,2016,2020‑06‑19,89,55,267,82,Solo
Jumpman,Drake,canadian hip hop,2015,2020‑06‑19,85,66,206,76,Solo
Thinking out Loud,Ed Sheeran,pop,2014,2020‑06‑19,78,59,282,86,Solo
"Love Me Like You Do - From ""Fifty Shades Of Grey""",Ellie Goulding,dance pop,2015,2020‑06‑19,26,28,253,83,Solo
On My Mind,Ellie Goulding,dance pop,2015,2020‑06‑22,70,74,213,69,Solo
Centuries,Fall Out Boy,emo,2015,2020‑06‑19,39,56,228,84,Band/Group
679 (feat. Remy Boyz),Fetty Wap,new jersey rap,2015,2020‑06‑19,62,60,197,79,Solo
Trap Queen,Fetty Wap,new jersey rap,2015,2020‑06‑19,75,82,222,78,Solo
My Way (feat. Monty),Fetty Wap,new jersey rap,2015,2020‑06‑19,75,54,213,71,Solo
My House,Flo Rida,dance pop,2015,2020‑06‑19,69,74,192,81,Solo
GDFR (feat. Sage the Gemini & Lookas),Flo Rida,dance pop,2015,2020‑06‑19,66,69,190,75,Solo
Mountain at My Gates,Foals,indie rock,2015,2021‑08‑09,50,62,244,69,Band/Group
Runaway (U & I),Galantis,dance pop,2015,2020‑06‑19,51,38,227,79,Duo
Barcelona,George Ezra,folk-pop,2014,2021‑08‑09,63,18,189,70,Solo
Love Myself,Hailee Steinfeld,dance pop,2016,2020‑06‑19,62,32,219,75,Solo
Take Me to Church,Hozier,irish singer-songwriter,2014,2020‑06‑19,57,44,242,80,Solo
Where Are Ü Now (with Justin Bieber),Jack Ü,edm,2015,2020‑06‑19,43,20,250,78,Duo
oui,Jeremih,chicago rap,2015,2020‑06‑19,42,60,238,82,Solo
Classic Man (feat. Roman GianArthur),Jidenna,ghanaian hip hop,2015,2020‑08‑11,79,59,226,63,Solo
What Do You Mean?,Justin Bieber,canadian pop,2015,2020‑06‑19,85,79,206,81,Solo
Way down We Go,KALEO,icelandic indie,2016,2021‑08‑09,49,34,214,81,Band/Group
King Kunta,Kendrick Lamar,conscious hip hop,2015,2020‑06‑19,88,49,235,79,Solo
Stole the Show,Kygo,edm,2016,2020‑06‑19,64,48,223,78,Solo
Nothing Left (feat. Will Heard),Kygo,edm,2015,2020‑06‑19,68,35,237,59,Solo
High By The Beach,Lana Del Rey,art pop,2015,2021‑08‑09,54,10,258,71,Solo
Hurt Me,Låpsley,electropop,2016,2020‑06‑19,66,59,231,55,Solo
Closer,Lemaitre,alternative dance,2017,2021‑08‑09,58,36,271,64,Duo
Lot to Learn,Luke Christopher,indie pop rap,2015,2020‑06‑19,41,60,248,66,Solo
Lean On,Major Lazer,dance pop,2015,2020‑06‑19,72,27,177,76,Trio
Light It Up - Remix,Major Lazer,dance pop,2015,2020‑06‑19,75,75,166,71,Trio
Uptown Funk (feat. Bruno Mars),Mark Ronson,dance pop,2015,2020‑06‑19,86,93,270,86,Solo
Intoxicated - Radio Edit,Martin Solveig,dance pop,2015,2020‑06‑19,79,50,160,62,Solo
All Eyes on You (feat. Chris Brown & Nicki Minaj),Meek Mill,hip hop,2015,2020‑06‑19,59,25,224,73,Solo
Believe,Mumford & Sons,modern folk rock,2015,2020‑06‑19,36,42,221,61,Band/Group
Somebody,Natalie La Rose,chicago rap,2014,2020‑06‑19,83,74,190,69,Solo
That's How You Know (feat. Kid Ink & Bebe Rexha),Nico & Vinz,pop rap,2015,2020‑06‑22,77,74,186,62,Duo
Drive,Oh Wonder,electropop,2015,2021‑08‑09,66,38,196,65,Duo
Post to Be (feat. Chris Brown & Jhene Aiko),Omarion,dance pop,2014,2020‑06‑19,73,70,227,76,Solo
Drag Me Down,One Direction,boy band,2015,2020‑06‑19,73,60,192,84,Band/Group
Perfect,One Direction,boy band,2015,2020‑06‑19,65,40,230,81,Band/Group
Sunset Lover,Petit Biscuit,new french touch,2015,2020‑06‑19,78,24,238,75,Solo
Wish You Were Mine - Radio Edit,Philip George,deep groove house,2014,2020‑06‑19,65,41,178,70,Solo
Time of Our Lives,Pitbull,dance pop,2014,2020‑06‑19,72,72,229,85,Solo
No Type,Rae Sremmurd,hip hop,2015,2020‑06‑19,89,24,200,77,Duo
"Flex (Ooh, Ooh, Ooh)",Rich Homie Quan,atl hip hop,2015,2020‑06‑19,73,89,177,70,Solo
FourFiveSeconds,Rihanna,barbadian pop,2015,2020‑06‑19,58,35,188,82,Solo
Bitch Better Have My Money,Rihanna,barbadian pop,2015,2020‑06‑19,78,40,219,78,Solo
Chill Bill (feat. J. Davi$ & Spooks),Rob $tone,san diego rap,2016,2020‑06‑19,89,23,177,81,Solo
Sugar (feat. Francesco Yates),Robin Schulz,dance pop,2015,2020‑06‑19,64,64,219,81,Solo
Lay It All on Me (feat. Ed Sheeran),Rudimental,dance pop,2015,2020‑06‑19,67,48,242,55,Band/Group
Like I Can,Sam Smith,dance pop,2014,2020‑06‑19,66,48,167,85,Solo
You Don't Own Me (feat. G-Eazy),SAYGRACE,dance pop,2015,2020‑06‑19,34,29,199,60,Solo
Same Old Love,Selena Gomez,dance pop,2015,2020‑06‑22,67,44,229,70,Solo
Hands To Myself,Selena Gomez,dance pop,2015,2020‑06‑19,81,47,201,68,Solo
Good For You,Selena Gomez,dance pop,2015,2020‑06‑22,61,21,222,62,Solo
Geronimo,Sheppard,australian indie,2015,2020‑06‑22,71,46,218,68,Band/Group
Easy Love,Sigala,dance pop,2018,2020‑06‑19,68,65,230,70,Solo
All My Friends (feat. Tinashe & Chance the Rapper),Snakehips,edm,2015,2020‑06‑22,68,18,230,77,Duo
The Less I Know The Better,Tame Impala,australian psych,2015,2020‑06‑19,64,79,216,88,Band/Group
Blank Space,Taylor Swift,pop,2014,2020‑06‑19,75,58,232,79,Solo
Wildest Dreams,Taylor Swift,pop,2014,2020‑06‑19,55,47,220,76,Solo
Bad Blood,Taylor Swift,pop,2015,2020‑06‑19,65,22,200,75,Solo
Style,Taylor Swift,pop,2014,2020‑06‑19,60,46,231,75,Solo
Spirits,The Strumbellas,canadian indie,2016,2021‑08‑09,56,79,204,75,Band/Group
The Hills,The Weeknd,canadian contemporary r&b,2015,2020‑06‑19,59,14,242,88,Solo
Can't Feel My Face,The Weeknd,canadian contemporary r&b,2015,2020‑06‑19,71,58,214,83,Solo
"Earned It (Fifty Shades Of Grey) - From The ""Fifty Shades Of Grey"" Soundtrack",The Weeknd,canadian contemporary r&b,2014,2020‑06‑19,66,43,252,81,Solo
In The Night,The Weeknd,canadian contemporary r&b,2015,2020‑06‑19,51,54,236,76,Solo
Die A Happy Man,Thomas Rhett,contemporary country,2015,2020‑06‑19,60,40,227,77,Solo
Talking Body,Tove Lo,art pop,2014,2020‑06‑19,74,11,238,71,Solo
Antidote,Travis Scott,hip hop,2015,2020‑06‑19,71,13,263,78,Solo
Slow Motion,Trey Songz,dance pop,2015,2020‑06‑19,73,29,198,75,Solo
Na Na,Trey Songz,dance pop,2015,2020‑06‑19,67,24,232,67,Solo
YOUTH,Troye Sivan,australian pop,2015,2020‑06‑19,63,59,185,70,Solo
Stressed Out,Twenty One Pilots,modern rock,2015,2020‑06‑19,73,65,202,88,Duo
I Don't Mind (feat. Juicy J),Usher,atl hip hop,2014,2020‑06‑19,87,46,252,73,Solo
Shut Up and Dance,WALK THE MOON,dance pop,2014,2020‑06‑19,58,62,199,86,Band/Group
See You Again (feat. Charlie Puth),Wiz Khalifa,dance pop,2015,2020‑06‑19,69,28,230,85,Solo
Renegades,X Ambassadors,modern alternative rock,2015,2020‑06‑19,53,53,195,80,Band/Group
Unsteady,X Ambassadors,modern alternative rock,2015,2020‑06‑19,39,20,194,78,Band/Group
King,Years & Years,dance pop,2015,2020‑06‑19,56,43,215,66,Band/Group
I Want You To Know,Zedd,complextro,2015,2020‑06‑19,58,37,240,70,Solo
When We Were Young,Adele,british soul,2015,2020‑06‑08,38,27,291,79,Solo
Send My Love (To Your New Lover),Adele,british soul,2015,2020‑06‑08,69,57,223,77,Solo
Hello,Adele,british soul,2015,2020‑06‑08,58,29,296,77,Solo
Here,Alessia Cara,canadian contemporary r&b,2015,2020‑06‑08,38,33,199,71,Solo
Alarm,Anne-Marie,dance pop,2016,2020‑06‑08,76,81,206,62,Solo
Into You,Ariana Grande,dance pop,2016,2020‑06‑08,62,37,244,73,Solo
Side To Side,Ariana Grande,dance pop,2016,2020‑06‑08,65,61,226,72,Solo
Dangerous Woman,Ariana Grande,dance pop,2016,2020‑06‑08,66,29,236,72,Solo
Hurts So Good,Astrid S,alt z,2021,2020‑06‑08,67,42,209,77,Solo
Good Grief,Bastille,metropopolis,2016,2021‑08‑09,73,88,206,70,Band/Group
Sorry,Beyoncé,dance pop,2016,2020‑08‑11,78,36,233,72,Solo
Don't,Bryson Tiller,kentucky hip hop,2015,2020‑08‑11,77,19,198,83,Solo
Exchange,Bryson Tiller,kentucky hip hop,2015,2020‑06‑08,53,28,195,81,Solo
Dancing On My Own,Calum Scott,neo mellow,2018,2020‑06‑08,68,23,260,84,Solo
This Is What You Came For (feat. Rihanna),Calvin Harris,dance pop,2016,2020‑06‑08,63,47,222,84,Solo
My Way,Calvin Harris,dance pop,2016,2020‑06‑08,82,54,219,78,Solo
We Don't Talk Anymore (feat. Selena Gomez),Charlie Puth,dance pop,2016,2020‑06‑08,73,35,218,73,Solo
One Call Away,Charlie Puth,dance pop,2016,2020‑06‑08,67,47,194,70,Solo
Dangerously,Charlie Puth,dance pop,2016,2021‑08‑17,70,23,199,58,Solo
Sex,Cheat Codes,dance pop,2016,2020‑06‑08,51,21,228,66,Trio
Back To Sleep,Chris Brown,dance pop,2015,2020‑06‑08,65,72,201,65,Solo
Tears (feat. Louisa Johnson),Clean Bandit,dance pop,2016,2020‑06‑08,61,30,226,65,Band/Group
Hymn for the Weekend,Coldplay,permanent wave,2015,2020‑06‑08,49,41,258,86,Band/Group
Adventure of a Lifetime,Coldplay,permanent wave,2015,2020‑06‑08,64,53,264,79,Band/Group
This One's for You (feat. Zara Larsson) (Official Song UEFA EURO 2016),David Guetta,big room,2016,2020‑06‑08,37,37,207,72,Solo
"Sit Still, Look Pretty",Daya,alt z,2016,2020‑06‑08,66,54,202,76,Solo
Hide Away,Daya,alt z,2016,2020‑06‑08,89,46,192,72,Solo
Let Me Love You,DJ Snake,dance pop,2016,2020‑06‑08,65,16,206,86,Solo
Middle,DJ Snake,dance pop,2016,2020‑06‑25,58,22,221,79,Solo
Cake By The Ocean,DNCE,dance pop,2016,2020‑06‑08,77,90,219,84,Band/Group
Too Good,Drake,canadian hip hop,2016,2020‑06‑08,79,40,263,78,Solo
Hotter Than Hell,Dua Lipa,dance pop,2017,2020‑06‑08,53,53,188,70,Solo
DUELE EL CORAZON (feat. Wisin),Enrique Iglesias,dance pop,2016,2020‑06‑08,72,87,200,72,Solo
Work from Home (feat. Ty Dolla $ign),Fifth Harmony,dance pop,2016,2020‑06‑08,80,59,214,81,Band/Group
All In My Head (Flex) (feat. Fetty Wap),Fifth Harmony,dance pop,2016,2020‑06‑08,69,76,211,67,Band/Group
My House,Flo Rida,dance pop,2015,2020‑06‑08,69,74,192,81,Solo
Say It (feat. Tove Lo),Flume,australian dance,2016,2020‑06‑29,60,26,263,64,Solo
Pink + White,Frank Ocean,alternative r&b,2016,2020‑06‑08,54,55,185,84,Solo
Low Life (feat. The Weeknd),Future,atl hip hop,2016,2020‑06‑08,72,10,314,78,Solo
No Money,Galantis,dance pop,2016,2020‑06‑08,67,80,189,72,Duo
"i hate u, i love u (feat. olivia o'brien)",Garrett Nash,electropop,2016,2020‑06‑08,49,18,251,82,Solo
"Me, Myself & I",G-Eazy,indie pop rap,2015,2020‑06‑08,76,39,251,82,Solo
Starving,Hailee Steinfeld,dance pop,2016,2020‑06‑08,73,51,182,81,Solo
Can I Be Him,James Arthur,pop,2016,2020‑06‑08,70,48,247,80,Solo
When You Love Someone,James TW,neo mellow,2019,2020‑06‑08,68,35,217,79,Solo
Love Me Now,John Legend,neo soul,2016,2020‑06‑08,42,72,210,59,Solo
Perfect Strangers,Jonas Blue,dance pop,2018,2020‑06‑08,73,70,197,80,Solo
Fast Car,Jonas Blue,dance pop,2018,2020‑06‑08,67,55,212,77,Solo
Love Yourself,Justin Bieber,canadian pop,2015,2020‑06‑08,61,52,234,87,Solo
Sorry,Justin Bieber,canadian pop,2015,2020‑06‑08,65,41,201,85,Solo
"CAN'T STOP THE FEELING! (from DreamWorks Animation's ""TROLLS"")",Justin Timberlake,dance pop,2016,2020‑06‑08,67,70,238,77,Solo
Gold,Kiiara,alt z,2020,2020‑06‑08,60,41,226,64,Solo
Stole the Show,Kygo,edm,2016,2020‑06‑08,64,48,223,78,Solo
Stay (feat. Maty Noyes),Kygo,edm,2015,2020‑06‑08,65,38,239,65,Solo
"Sucker for Pain (with Wiz Khalifa, Imagine Dragons, Logic & Ty Dolla $ign feat. X Ambassadors)",Lil Wayne,hip hop,2016,2020‑06‑08,50,74,243,80,Solo
Shout Out to My Ex,Little Mix,dance pop,2016,2020‑06‑08,77,80,246,81,Band/Group
7 Years,Lukas Graham,danish pop,2016,2020‑06‑08,77,34,237,83,Band/Group
Alaska,Maggie Rogers,indie pop,2019,2021‑08‑09,85,18,188,70,Solo
Cold Water,Major Lazer,dance pop,2016,2020‑06‑08,61,50,185,72,Trio
You & Me,Marc E. Bassy,pop,2017,2020‑06‑08,45,61,218,69,Solo
Alone,Marshmello,brostep,2016,2021‑08‑17,63,42,274,76,Solo
In the Name of Love,Martin Garrix,dance pop,2016,2020‑06‑08,50,17,196,81,Solo
NO,Meghan Trainor,dance pop,2017,2020‑06‑08,56,66,214,75,Solo
The Ocean (feat. Shy Martin),Mike Perry,dance pop,2016,2020‑06‑08,63,19,183,75,Solo
I Took A Pill In Ibiza - Seeb Remix,Mike Posner,dance pop,2016,2020‑06‑08,66,71,198,81,Solo
Final Song,MØ,art pop,2016,2020‑06‑08,70,25,236,70,Solo
This Town,Niall Horan,dance pop,2016,2020‑06‑08,68,20,233,64,Solo
Close,Nick Jonas,dance pop,2016,2020‑06‑08,65,40,234,74,Solo
History,Olivia Holt,alt z,2016,2020‑06‑08,77,54,204,64,Solo
History,One Direction,boy band,2015,2020‑06‑08,66,80,187,77,Band/Group
Wherever I Go,OneRepublic,dance pop,2016,2021‑11‑25,54,35,170,68,Band/Group
"Just Like Fire (From the Original Motion Picture ""Alice Through The Looking Glass"")",P!nk,dance pop,2016,2020‑06‑29,63,52,215,73,Solo
Not Nice,PARTYNEXTDOOR,pop,2016,2020‑06‑08,60,73,203,67,Solo
Needed Me,Rihanna,barbadian pop,2016,2020‑06‑08,67,30,192,84,Solo
Work,Rihanna,barbadian pop,2016,2020‑06‑08,73,56,219,80,Solo
Lost Boy,Ruth B.,alt z,2015,2020‑06‑08,71,35,275,77,Solo
You Don't Own Me (feat. G-Eazy),SAYGRACE,dance pop,2016,2020‑06‑08,33,26,201,74,Solo
Same Old Love,Selena Gomez,dance pop,2015,2020‑06‑08,67,44,229,70,Solo
Hands To Myself,Selena Gomez,dance pop,2015,2020‑06‑08,81,47,201,68,Solo
Treat You Better,Shawn Mendes,canadian pop,2017,2020‑06‑08,44,75,188,86,Solo
I Know What You Did Last Summer,Shawn Mendes,canadian pop,2015,2020‑06‑08,69,74,224,77,Solo
The Greatest (feat. Kendrick Lamar),Sia,australian dance,2016,2020‑06‑08,67,73,210,73,Solo
Cheap Thrills (feat. Sean Paul),Sia,australian dance,2016,2020‑06‑08,59,73,225,73,Solo
Sweet Lovin' - Radio Edit,Sigala,dance pop,2018,2020‑06‑08,68,71,202,69,Solo
All My Friends (feat. Tinashe & Chance the Rapper),Snakehips,edm,2015,2020‑06‑08,68,18,230,77,Duo
Just Hold On,Steve Aoki,dance pop,2018,2020‑06‑08,65,39,199,61,Solo
Somebody Else,The 1975,modern alternative rock,2016,2020‑06‑08,61,47,348,76,Band/Group
The Sound,The 1975,modern alternative rock,2016,2021‑08‑09,65,55,249,63,Band/Group
Closer,The Chainsmokers,dance pop,2016,2020‑06‑08,75,66,245,88,Duo
Don't Let Me Down,The Chainsmokers,dance pop,2016,2020‑06‑08,53,42,208,83,Duo
Roses,The Chainsmokers,dance pop,2015,2020‑06‑08,71,34,227,78,Duo
Ophelia,The Lumineers,folk-pop,2016,2020‑06‑08,66,57,160,79,Band/Group
Starboy,The Weeknd,canadian contemporary r&b,2016,2020‑06‑08,68,49,230,88,Solo
Once In a While,Timeflies,dance pop,2016,2020‑06‑25,79,35,215,65,Duo
Girls Like (feat. Zara Larsson),Tinie Tempah,dance pop,2016,2020‑06‑08,92,54,196,67,Solo
Cool Girl,Tove Lo,art pop,2016,2020‑06‑08,67,20,199,69,Solo
Renegades,X Ambassadors,modern alternative rock,2015,2021‑05‑06,53,53,195,80,Band/Group
Unsteady,X Ambassadors,modern alternative rock,2015,2020‑06‑08,39,20,194,78,Band/Group
Never Forget You,Zara Larsson,dance pop,2017,2020‑06‑08,58,28,213,78,Solo
PILLOWTALK,ZAYN,dance pop,2016,2020‑06‑08,58,44,203,82,Solo
It's A Vibe,2 Chainz,atl hip hop,2017,2021‑01‑28,82,53,210,77,Solo
Bank Account,21 Savage,atl hip hop,2017,2021‑01‑28,88,38,220,82,Solo
Drowning (feat. Kodak Black),A Boogie Wit da Hoodie,melodic rap,2017,2021‑01‑28,84,81,209,79,Solo
Plain Jane,A$AP Ferg,gangster rap,2017,2021‑01‑28,80,52,174,79,Solo
Weak,AJR,modern rock,2017,2021‑01‑28,67,70,201,71,Trio
Caroline,Aminé,hip hop,2017,2021‑01‑28,94,71,210,80,Solo
More Than You Know,Axwell /\ Ingrosso,dance pop,2017,2021‑01‑28,65,57,203,83,Duo
Rolex,Ayo & Teo,social media pop,2017,2021‑01‑28,80,79,239,73,Duo
Bounce Back,Big Sean,detroit hip hop,2017,2021‑01‑28,78,27,222,76,Solo
Man's Not Hot,Big Shaq,london rap,2017,2021‑01‑28,91,59,186,67,Solo
Bored,Billie Eilish,art pop,2017,2021‑09‑20,61,11,181,88,Solo
do re mi,blackbear,electropop,2017,2021‑01‑28,75,17,212,77,Solo
That's What I Like,Bruno Mars,dance pop,2016,2021‑01‑28,85,86,207,86,Solo
24K Magic,Bruno Mars,dance pop,2016,2021‑01‑28,82,63,226,82,Solo
"Feels (feat. Pharrell Williams, Katy Perry & Big Sean)",Calvin Harris,dance pop,2017,2021‑01‑28,89,87,223,81,Solo
Slide (feat. Frank Ocean & Migos),Calvin Harris,dance pop,2017,2021‑01‑28,74,51,231,77,Solo
Havana (feat. Young Thug),Camila Cabello,dance pop,2018,2021‑01‑28,77,39,217,84,Solo
Bodak Yellow,Cardi B,dance pop,2018,2021‑01‑28,93,49,224,77,Solo
No Promises (feat. Demi Lovato),Cheat Codes,dance pop,2017,2021‑01‑28,74,58,223,66,Trio
Redbone,Childish Gambino,atl hip hop,2016,2021‑01‑28,74,58,327,87,Solo
Rockabye (feat. Sean Paul & Anne-Marie),Clean Bandit,dance pop,2016,2021‑01‑28,72,74,251,80,Band/Group
Sorry Not Sorry,Demi Lovato,dance pop,2017,2021‑01‑28,71,89,204,81,Solo
"I'm the One (feat. Justin Bieber, Quavo, Chance the Rapper & Lil Wayne)",DJ Khaled,dance pop,2017,2021‑01‑28,60,82,289,70,Solo
Wild Thoughts (feat. Rihanna & Bryson Tiller),DJ Khaled,dance pop,2017,2021‑01‑28,61,62,205,70,Solo
Passionfruit,Drake,canadian hip hop,2017,2021‑01‑28,81,36,299,86,Solo
Fake Love,Drake,canadian hip hop,2017,2021‑01‑28,93,61,211,78,Solo
Perfect,Ed Sheeran,pop,2017,2021‑01‑28,60,17,263,89,Solo
Shape of You,Ed Sheeran,pop,2017,2021‑01‑28,83,93,234,89,Solo
Sit Next to Me,Foster The People,indietronica,2017,2021‑06‑25,64,66,243,75,Band/Group
Unforgettable,French Montana,gangster rap,2017,2021‑01‑28,73,73,234,86,Solo
Mask Off,Future,atl hip hop,2017,2021‑01‑28,83,28,205,84,Solo
Him & I (with Halsey),G-Eazy,indie pop rap,2017,2021‑01‑28,59,19,269,80,Solo
No Limit,G-Eazy,indie pop rap,2017,2021‑01‑28,84,41,245,76,Solo
Most Girls,Hailee Steinfeld,dance pop,2017,2021‑01‑28,76,42,204,77,Solo
Now Or Never,Halsey,dance pop,2017,2021‑01‑28,67,45,215,71,Solo
NUMB,Hayden James,aussietronica,2019,2021‑06‑25,62,40,217,64,Solo
Believer,Imagine Dragons,modern rock,2017,2021‑01‑28,78,67,204,91,Band/Group
Thunder,Imagine Dragons,modern rock,2017,2021‑01‑28,61,29,187,87,Band/Group
Whatever It Takes,Imagine Dragons,modern rock,2017,2021‑01‑28,67,56,201,84,Band/Group
HUMBLE.,Kendrick Lamar,conscious hip hop,2017,2021‑01‑28,91,42,177,87,Solo
LOVE. FEAT. ZACARI.,Kendrick Lamar,conscious hip hop,2017,2021‑01‑28,80,78,213,85,Solo
DNA.,Kendrick Lamar,conscious hip hop,2017,2021‑01‑28,64,42,186,83,Solo
ELEMENT.,Kendrick Lamar,conscious hip hop,2017,2021‑01‑28,75,48,209,76,Solo
Young Dumb & Broke,Khalid,pop,2017,2021‑01‑28,80,39,203,84,Solo
Location,Khalid,pop,2017,2021‑01‑28,74,33,219,83,Solo
Tunnel Vision,Kodak Black,florida rap,2017,2021‑01‑28,50,23,268,78,Solo
iSpy (feat. Lil Yachty),KYLE,pop,2016,2021‑01‑28,75,67,253,76,Solo
Lust For Life (with The Weeknd),Lana Del Rey,art pop,2017,2021‑01‑28,50,26,264,73,Solo
Strip That Down (feat. Quavo),Liam Payne,dance pop,2019,2021‑01‑28,87,55,202,75,Solo
Save That Shit,Lil Peep,emo rap,2017,2021‑01‑28,53,14,232,82,Solo
Gucci Gang,Lil Pump,emo rap,2017,2021‑01‑28,94,70,124,69,Solo
XO Tour Llif3,Lil Uzi Vert,melodic rap,2017,2021‑01‑28,73,40,183,86,Solo
Touch (feat. Kid Ink),Little Mix,dance pop,2016,2021‑01‑28,64,55,203,59,Band/Group
1-800-273-8255,Logic,conscious hip hop,2017,2021‑01‑28,62,36,250,82,Solo
Liability,Lorde,art pop,2017,2021‑06‑25,59,38,172,79,Solo
Green Light,Lorde,art pop,2017,2021‑01‑28,59,25,235,78,Solo
"Homemade Dynamite (Feat. Khalid, Post Malone & SZA) - REMIX",Lorde,art pop,2017,2021‑06‑25,78,18,214,71,Solo
broken,lovelytheband,indie poptimism,2018,2021‑06‑25,67,51,205,76,Band/Group
Despacito,Luis Fonsi,latin,2019,2021‑01‑28,66,84,229,83,Solo
Bad Things (with Camila Cabello),Machine Gun Kelly,ohio hip hop,2017,2021‑01‑28,70,31,239,76,Solo
Glorious (feat. Skylar Grey),Macklemore,pop rap,2017,2021‑01‑28,73,36,220,78,Solo
Cold (feat. Future),Maroon 5,pop,2018,2021‑01‑28,69,41,234,68,Band/Group
Don't Wanna Know (feat. Kendrick Lamar),Maroon 5,pop,2018,2021‑01‑28,78,42,214,66,Band/Group
Little Dark Age,MGMT,alternative dance,2018,2022‑03‑08,71,62,300,85,Band/Group
Bad and Boujee (feat. Lil Uzi Vert),Migos,atl hip hop,2017,2021‑01‑28,93,17,343,78,Trio
Slippery (feat. Gucci Mane),Migos,atl hip hop,2017,2021‑01‑28,92,75,304,74,Trio
T-Shirt,Migos,atl hip hop,2017,2021‑01‑28,87,49,242,71,Trio
Sky Walker (feat. Travis Scott),Miguel,dance pop,2017,2021‑01‑28,67,18,259,78,Solo
Malibu,Miley Cyrus,dance pop,2017,2021‑01‑28,57,34,232,77,Solo
Nights With You,MØ,art pop,2017,2021‑06‑25,76,60,197,61,Solo
Slow Hands,Niall Horan,dance pop,2017,2021‑01‑28,74,85,188,79,Solo
Magnolia,Playboi Carti,atl hip hop,2017,2021‑01‑28,79,44,182,82,Solo
Chameleon,PNAU,alternative dance,2017,2021‑01‑28,72,20,198,48,Trio
Feel It Still,Portugal. The Man,indie rock,2017,2021‑01‑28,80,75,163,81,Band/Group
Congratulations,Post Malone,dfw rap,2016,2021‑01‑28,63,49,220,85,Solo
I Fall Apart,Post Malone,dfw rap,2016,2021‑01‑28,56,29,223,83,Solo
Swang,Rae Sremmurd,hip hop,2016,2021‑01‑28,68,17,208,80,Duo
Black Beatles,Rae Sremmurd,hip hop,2016,2021‑01‑28,79,36,292,80,Duo
Chill Bill (feat. J. Davi$ & Spooks),Rob $tone,san diego rap,2016,2021‑01‑28,89,23,177,81,Solo
Losin Control,Russ,hawaiian hip hop,2017,2021‑01‑28,76,21,238,79,Solo
Too Good At Goodbyes,Sam Smith,dance pop,2017,2021‑01‑28,68,48,201,77,Solo
No Lie,Sean Paul,dance pop,2018,2021‑01‑28,74,46,221,89,Solo
Fetish (feat. Gucci Mane),Selena Gomez,dance pop,2017,2021‑08‑17,71,27,186,74,Solo
Broccoli,Shelley FKA DRAM,alternative r&b,2016,2021‑01‑28,89,71,225,64,Solo
Don't Leave,Snakehips,edm,2017,2021‑01‑28,66,34,215,68,Duo
Love Galore (feat. Travis Scott),SZA,pop,2017,2021‑01‑28,80,41,275,81,Solo
Look What You Made Me Do,Taylor Swift,pop,2017,2021‑01‑28,77,51,212,81,Solo
...Ready For It?,Taylor Swift,pop,2017,2021‑01‑28,61,42,208,78,Solo
Something Just Like This,The Chainsmokers,dance pop,2017,2021‑01‑28,62,45,247,87,Duo
Paris,The Chainsmokers,dance pop,2017,2021‑01‑28,65,22,222,77,Duo
All Night,The Vamps,boy band,2017,2021‑01‑28,54,51,198,78,Duo
Middle Of The Night,The Vamps,boy band,2017,2021‑01‑28,59,40,175,65,Duo
I Feel It Coming,The Weeknd,canadian contemporary r&b,2016,2021‑01‑28,77,59,269,82,Solo
goosebumps,Travis Scott,hip hop,2016,2021‑01‑28,84,43,244,88,Solo
BUTTERFLY EFFECT,Travis Scott,hip hop,2018,2021‑01‑28,76,19,191,81,Solo
Jocelyn Flores,XXXTENTACION,emo rap,2017,2021‑01‑28,87,44,119,89,Solo
Rake It Up (feat. Nicki Minaj),Yo Gotti,dirty south rap,2017,2021‑01‑28,91,53,276,73,Solo
I Would Like,Zara Larsson,dance pop,2017,2021‑01‑28,49,30,227,62,Solo
Juju on That Beat (TZ Anthem),Zay Hilfigerrr,hip hop,2016,2021‑01‑28,81,78,144,62,Solo
Stay,Zedd,complextro,2017,2021‑01‑28,69,54,210,80,Solo
Youngblood,5 Seconds of Summer,boy band,2018,2020‑06‑22,60,15,203,74,Band/Group
FEFE,6ix9ine,emo rap,2018,2020‑06‑22,93,38,179,75,Solo
GUMMO,6ix9ine,emo rap,2018,2020‑06‑22,66,64,158,67,Solo
God is a woman,Ariana Grande,dance pop,2018,2020‑06‑22,60,27,198,83,Solo
no tears left to cry,Ariana Grande,dance pop,2018,2020‑06‑22,70,35,206,82,Solo
Jumanji,B Young,afroswing,2018,2020‑06‑22,79,60,173,65,Solo
Answerphone (feat. Yxng Bane),Banx & Ranx,basshall,2018,2020‑06‑22,67,45,191,60,Duo
Mine,Bazzi,dance pop,2018,2020‑06‑22,71,72,131,80,Solo
Eastside (with Halsey & Khalid),benny blanco,electropop,2018,2020‑06‑22,56,32,174,80,Solo
lovely (with Khalid),Billie Eilish,art pop,2018,2020‑06‑22,35,12,200,91,Solo
Look Alive (feat. Drake),BlocBoy JB,memphis hip hop,2018,2020‑06‑22,92,60,181,78,Solo
Finesse - Remix; feat. Cardi B,Bruno Mars,dance pop,2017,2020‑06‑22,70,93,217,78,Solo
One Kiss (with Dua Lipa),Calvin Harris,dance pop,2018,2020‑06‑22,79,59,215,86,Solo
Never Be the Same,Camila Cabello,dance pop,2018,2020‑06‑22,64,24,227,79,Solo
I Like It,Cardi B,dance pop,2018,2020‑06‑22,82,65,253,83,Solo
Bodak Yellow,Cardi B,dance pop,2018,2020‑06‑22,93,49,224,77,Solo
Be Careful,Cardi B,dance pop,2018,2020‑06‑22,82,54,211,72,Solo
Miss You (with Major Lazer & Tory Lanez),Cashmere Cat,dance pop,2018,2021‑06‑15,75,45,186,61,Solo
How Long,Charlie Puth,dance pop,2018,2020‑06‑22,85,81,201,77,Solo
Done for Me (feat. Kehlani),Charlie Puth,dance pop,2018,2021‑08‑17,86,70,180,72,Solo
The Way I Am,Charlie Puth,dance pop,2018,2021‑08‑17,76,64,186,68,Solo
This Is America,Childish Gambino,atl hip hop,2018,2020‑06‑22,85,55,226,75,Solo
Tequila,Dan + Shay,contemporary country,2018,2020‑06‑22,49,49,197,75,Duo
Nevermind,Dennis Lloyd,israeli pop,2017,2020‑06‑22,60,8,157,79,Solo
No Brainer,DJ Khaled,dance pop,2018,2020‑06‑22,55,64,260,71,Solo
God's Plan,Drake,canadian hip hop,2018,2020‑06‑22,75,36,199,86,Solo
Nonstop,Drake,canadian hip hop,2018,2020‑06‑22,91,42,239,82,Solo
Nice For What,Drake,canadian hip hop,2018,2020‑06‑22,59,76,211,81,Solo
In My Feelings,Drake,canadian hip hop,2018,2020‑06‑22,84,35,218,80,Solo
I'm Upset,Drake,canadian hip hop,2018,2020‑06‑22,90,49,214,73,Solo
IDGAF,Dua Lipa,dance pop,2017,2020‑06‑22,84,51,218,83,Solo
In My Mind,Dynoro,edm,2018,2020‑06‑22,69,16,185,83,Solo
Trip,Ella Mai,dance pop,2018,2020‑06‑22,48,36,214,77,Solo
Boo'd Up,Ella Mai,dance pop,2017,2020‑06‑22,56,24,256,73,Solo
River (feat. Ed Sheeran),Eminem,detroit hip hop,2017,2020‑06‑22,75,66,221,77,Solo
German,EO,afroswing,2018,2020‑06‑22,86,85,171,71,Solo
Let's Fall in Love for the Night,FINNEAS,alt z,2018,2021‑06‑15,74,37,190,77,Solo
Simple,Florida Georgia Line,contemporary country,2019,2020‑06‑22,36,86,185,75,Duo
Him & I (with Halsey),G-Eazy,indie pop rap,2017,2020‑06‑22,59,19,269,80,Solo
Shotgun,George Ezra,folk-pop,2018,2020‑06‑22,67,75,201,81,Solo
Paradise,George Ezra,folk-pop,2018,2020‑06‑22,64,91,222,73,Solo
we fell in love in october,girl in red,bedroom pop,2018,2021‑03‑02,57,24,184,88,Solo
"Let Me Go (with Alesso, Florida Georgia Line & watt)",Hailee Steinfeld,dance pop,2017,2020‑06‑22,66,74,175,81,Solo
Bad At Love,Halsey,dance pop,2017,2020‑06‑22,68,61,181,77,Solo
The Greatest Show,Hugh Jackman,hollywood,2017,2020‑06‑22,42,40,302,77,Band/Group
Natural,Imagine Dragons,modern rock,2018,2020‑06‑22,70,22,189,85,Band/Group
Make Me Feel,Janelle Monáe,afrofuturism,2018,2021‑06‑15,86,70,194,68,Solo
You Make It Easy,Jason Aldean,contemporary country,2018,2020‑06‑22,38,41,197,74,Solo
"King's Dead (with Kendrick Lamar, Future & James Blake)",Jay Rock,conscious hip hop,2018,2020‑06‑22,65,38,230,76,Solo
Rise,Jonas Blue,dance pop,2018,2020‑06‑22,69,66,194,74,Solo
Lucid Dreams,Juice WRLD,chicago rap,2018,2020‑06‑22,51,22,240,89,Solo
LOVE. FEAT. ZACARI.,Kendrick Lamar,conscious hip hop,2017,2020‑08‑11,80,78,213,85,Solo
All The Stars (with SZA),Kendrick Lamar,conscious hip hop,2018,2020‑06‑22,70,55,232,85,Solo
Love Lies (with Normani),Khalid,pop,2018,2020‑06‑22,71,34,202,78,Solo
1950,King Princess,alt z,2018,2021‑06‑10,60,27,225,77,Solo
I Like Me Better,Lauv,dance pop,2018,2020‑06‑22,75,42,197,86,Solo
Yes Indeed,Lil Baby,atl hip hop,2018,2020‑06‑22,96,56,142,84,Solo
Freaky Friday (feat. Chris Brown),Lil Dicky,comedy rap,2018,2020‑06‑22,76,76,217,74,Solo
Everyday,Logic,conscious hip hop,2018,2021‑08‑17,67,42,205,74,Solo
Body,Loud Luxury,dance pop,2017,2020‑06‑22,75,58,163,77,Duo
Bad Vibe,M.O,afroswing,2018,2020‑06‑22,81,76,214,58,Band/Group
"Home (with Machine Gun Kelly, X Ambassadors & Bebe Rexha)",Machine Gun Kelly,ohio hip hop,2017,2021‑05‑06,65,22,203,77,Solo
Corazón (feat. Nego do Borel),Maluma,latin,2018,2020‑06‑22,72,75,185,74,Solo
Wait,Maroon 5,pop,2018,2020‑06‑22,66,45,191,64,Band/Group
Happier,Marshmello,brostep,2018,2020‑06‑22,69,67,214,86,Solo
Silence,Marshmello,brostep,2017,2020‑06‑22,52,29,181,84,Solo
FRIENDS,Marshmello,brostep,2018,2020‑06‑22,63,53,203,83,Solo
Spotlight,Marshmello,brostep,2018,2021‑08‑17,55,62,178,76,Solo
Walk It Talk It,Migos,atl hip hop,2018,2020‑06‑22,91,40,276,79,Trio
MotorSport,Migos,atl hip hop,2018,2020‑08‑11,90,19,303,77,Trio
Stir Fry,Migos,atl hip hop,2018,2020‑06‑22,82,51,190,75,Trio
17,MK,dance pop,2017,2020‑06‑22,70,67,196,69,Solo
Let You Down,NF,hip hop,2017,2020‑06‑22,66,46,212,84,Solo
Te Boté - Remix,Nio Garcia,latin,2018,2020‑06‑22,90,44,418,81,Solo
Ric Flair Drip (with Metro Boomin),Offset,atl hip hop,2017,2020‑06‑22,88,33,173,85,Solo
Vaina Loca,Ozuna,latin,2018,2020‑06‑22,75,56,176,77,Solo
Déjala Que Vuelva (feat. Manuel Turizo),Piso 21,colombian pop,2018,2020‑06‑22,68,84,220,76,Band/Group
rockstar (feat. 21 Savage),Post Malone,dfw rap,2018,2020‑06‑22,59,13,218,87,Solo
Better Now,Post Malone,dfw rap,2018,2020‑06‑22,68,34,231,84,Solo
Psycho (feat. Ty Dolla $ign),Post Malone,dfw rap,2018,2020‑06‑22,75,46,221,82,Solo
Powerglide (feat. Juicy J) - From SR3MM,Rae Sremmurd,hip hop,2018,2020‑06‑22,71,58,332,71,Duo
Plug Walk,Rich The Kid,atl hip hop,2018,2020‑06‑22,88,16,175,77,Solo
Mo Bamba,Sheck Wes,rap,2018,2020‑08‑11,73,26,184,81,Solo
Strangers,Sigrid,dance pop,2019,2020‑06‑22,76,13,234,64,Solo
Delicate,Taylor Swift,pop,2017,2020‑06‑22,75,5,232,81,Solo
It's Not Living (If It's Not With You),The 1975,modern alternative rock,2018,2021‑06‑15,62,53,248,75,Band/Group
This Feeling,The Chainsmokers,dance pop,2018,2022‑01‑24,57,45,198,78,Duo
Sick Boy,The Chainsmokers,dance pop,2018,2022‑01‑24,66,45,193,74,Duo
Call Out My Name,The Weeknd,canadian contemporary r&b,2018,2020‑06‑22,46,18,228,85,Solo
Pray For Me (with Kendrick Lamar),The Weeknd,canadian contemporary r&b,2018,2020‑06‑22,74,19,211,74,Solo
Jackie Chan,Tiësto,big room,2018,2020‑06‑22,75,69,216,76,Solo
SICKO MODE,Travis Scott,hip hop,2018,2020‑06‑22,83,45,313,86,Solo
Taste (feat. Offset),Tyga,dance pop,2018,2020‑06‑22,88,34,233,78,Solo
Saturday Sun,Vance Joy,folk-pop,2018,2021‑06‑15,64,71,215,75,Solo
SAD!,XXXTENTACION,emo rap,2018,2020‑06‑22,74,47,167,88,Solo
Moonlight,XXXTENTACION,emo rap,2018,2020‑06‑22,92,71,135,87,Solo
changes,XXXTENTACION,emo rap,2018,2020‑06‑22,67,52,122,84,Solo
If You're Over Me,Years & Years,dance pop,2018,2020‑06‑22,65,62,189,60,Band/Group
"BIG BANK (feat. 2 Chainz, Big Sean, Nicki Minaj)",YG,cali rap,2018,2020‑06‑22,75,11,237,73,Solo
The Middle,Zedd,complextro,2018,2020‑06‑22,75,44,185,84,Solo
a lot,21 Savage,atl hip hop,2018,2020‑06‑22,84,27,289,83,Solo
Easier,5 Seconds of Summer,boy band,2020,2020‑06‑22,56,62,158,74,Band/Group
Swervin (feat. 6ix9ine),A Boogie Wit da Hoodie,melodic rap,2018,2020‑06‑22,58,43,189,80,Solo
Look Back at It,A Boogie Wit da Hoodie,melodic rap,2018,2020‑06‑22,79,54,179,78,Solo
Ladbroke Grove,AJ Tracey,grime,2019,2020‑08‑20,90,73,191,73,Solo
China,Anuel AA,latin,2019,2020‑06‑22,79,61,302,80,Solo
Secreto,Anuel AA,latin,2019,2020‑06‑22,81,71,259,79,Solo
7 rings,Ariana Grande,dance pop,2019,2020‑06‑22,78,33,179,88,Solo
"thank u, next",Ariana Grande,dance pop,2019,2020‑06‑22,72,41,207,85,Solo
"break up with your girlfriend, i'm bored",Ariana Grande,dance pop,2019,2020‑06‑22,73,34,190,81,Solo
boyfriend (with Social House),Ariana Grande,dance pop,2019,2020‑06‑22,40,70,186,81,Solo
On A Roll,Ashley O,pop,2019,2020‑06‑22,74,39,154,62,Solo
Callaita,Bad Bunny,latin,2019,2020‑06‑22,61,24,251,86,Solo
MIA (feat. Drake),Bad Bunny,latin,2018,2020‑06‑22,82,16,210,82,Solo
lovely (with Khalid),Billie Eilish,art pop,2018,2020‑06‑22,35,12,200,91,Solo
bad guy,Billie Eilish,art pop,2019,2020‑06‑22,70,56,194,88,Solo
when the party's over,Billie Eilish,art pop,2019,2020‑06‑22,37,20,196,85,Solo
bury a friend,Billie Eilish,art pop,2019,2020‑06‑22,91,20,193,80,Solo
Kill This Love,BLACKPINK,k-pop,2019,2020‑06‑22,76,65,191,79,Band/Group
The Git Up,Blanco Brown,black americana,2019,2020‑06‑22,85,81,201,74,Solo
Thotiana,Blueface,cali rap,2018,2020‑06‑22,91,39,129,71,Solo
Boy With Luv (feat. Halsey),BTS,k-pop,2019,2020‑06‑22,65,80,230,86,Band/Group
Please Me,Cardi B,dance pop,2019,2020‑06‑22,75,65,201,79,Solo
Money,Cardi B,dance pop,2018,2020‑06‑22,95,22,184,78,Solo
Suge,DaBaby,north carolina hip hop,2019,2020‑06‑22,88,84,163,77,Solo
Location (feat. Burna Boy),Dave,uk hip hop,2019,2020‑06‑22,81,55,241,81,Solo
Juicy,Doja Cat,dance pop,2019,2020‑06‑22,79,46,202,62,Solo
3 Nights,Dominic Fike,alternative pop rock,2018,2020‑06‑22,82,88,178,84,Solo
Money In The Grave (Drake ft. Rick Ross),Drake,canadian hip hop,2019,2020‑06‑22,83,10,205,82,Solo
Don't Start Now,Dua Lipa,dance pop,2019,2020‑06‑22,79,68,183,84,Solo
Take Me Back to London (feat. Stormzy),Ed Sheeran,pop,2019,2020‑06‑22,89,61,190,71,Solo
Cross Me (feat. Chance the Rapper & PnB Rock),Ed Sheeran,pop,2019,2020‑06‑22,75,61,206,69,Solo
Antisocial (with Travis Scott),Ed Sheeran,pop,2019,2020‑06‑22,72,91,162,68,Solo
Leave Me Alone,Flipp Dinero,melodic rap,2019,2020‑06‑22,79,74,196,75,Solo
Lost in the Fire (feat. The Weeknd),Gesaffelstein,dark clubbing,2019,2021‑10‑28,66,17,202,89,Solo
Without Me,Halsey,dance pop,2018,2020‑06‑22,75,53,202,82,Solo
emotions,iann dior,melodic rap,2019,2021‑08‑17,63,16,131,77,Solo
gone girl,iann dior,melodic rap,2019,2021‑08‑17,68,36,137,75,Solo
MIDDLE CHILD,J. Cole,conscious hip hop,2019,2020‑06‑22,84,46,214,85,Solo
All Day And Night,Jax Jones,dance pop,2019,2020‑06‑22,59,52,169,64,Solo
Sorry,Joel Corry,dance pop,2019,2020‑06‑22,74,85,189,68,Solo
Sucker,Jonas Brothers,boy band,2019,2020‑06‑22,84,95,181,84,Band/Group
Only Human,Jonas Brothers,boy band,2019,2020‑06‑22,80,87,183,76,Band/Group
Robbery,Juice WRLD,chicago rap,2019,2020‑06‑22,62,57,240,84,Solo
Good as You,Kane Brown,black americana,2019,2020‑06‑22,63,77,192,70,Solo
Nights Like This (feat. Ty Dolla $ign),Kehlani,dance pop,2019,2020‑06‑22,61,29,202,80,Solo
Better,Khalid,pop,2018,2020‑06‑22,60,11,229,81,Solo
Talk (feat. Disclosure),Khalid,pop,2019,2020‑06‑22,90,35,198,76,Solo
ZEZE (feat. Travis Scott & Offset),Kodak Black,florida rap,2018,2020‑06‑22,86,50,229,82,Solo
Shallow,Lady Gaga,art pop,2018,2020‑06‑22,57,32,216,87,Solo
Doin' Time,Lana Del Rey,art pop,2019,2020‑06‑22,64,52,202,83,Solo
i'm so tired...,Lauv,dance pop,2020,2020‑06‑22,60,53,163,81,Solo
Someone You Loved,Lewis Capaldi,pop,2019,2020‑06‑22,50,45,182,89,Solo
Grace,Lewis Capaldi,pop,2019,2020‑06‑22,72,49,186,72,Solo
Old Town Road - Remix,Lil Nas X,lgbtq+ hip hop,2019,2020‑06‑22,88,64,157,83,Solo
Old Town Road,Lil Nas X,lgbtq+ hip hop,2019,2020‑06‑22,91,51,113,80,Solo
Panini,Lil Nas X,lgbtq+ hip hop,2019,2020‑06‑22,70,48,115,76,Solo
Ransom,Lil Tecca,melodic rap,2019,2020‑06‑22,75,23,131,83,Solo
Truth Hurts,Lizzo,dance pop,2019,2020‑06‑22,72,41,173,80,Solo
Good as Hell,Lizzo,dance pop,2019,2020‑06‑22,68,54,160,77,Solo
Soltera - Remix,Lunay,latin,2019,2020‑06‑22,80,80,266,74,Solo
Light On,Maggie Rogers,indie pop,2019,2020‑06‑22,66,40,234,72,Solo
Nothing Breaks Like a Heart (feat. Miley Cyrus),Mark Ronson,dance pop,2018,2020‑06‑22,60,24,217,84,Solo
Here With Me,Marshmello,brostep,2019,2020‑06‑22,79,18,156,77,Solo
One Thing Right,Marshmello,brostep,2019,2020‑06‑22,66,44,182,77,Solo
Piece Of Your Heart,MEDUZA,edm,2019,2020‑06‑22,68,63,153,81,Band/Group
Going Bad (feat. Drake),Meek Mill,hip hop,2018,2020‑06‑22,89,54,181,83,Solo
Hot Girl Summer (feat. Nicki Minaj & Ty Dolla $ign),Megan Thee Stallion,dance pop,2019,2020‑06‑22,87,57,199,73,Solo
Slide Away,Miley Cyrus,dance pop,2019,2020‑06‑22,53,29,234,74,Solo
Pure Water (with Migos),Mustard,cali rap,2019,2020‑06‑22,68,14,192,80,Solo
Shotta Flow (feat. Blueface) [Remix],NLE Choppa,memphis hip hop,2019,2020‑06‑22,89,57,177,74,Solo
Motivation,Normani,dance pop,2019,2020‑06‑22,60,88,194,76,Solo
Options,NSG,afro dancehall,2020,2020‑08‑20,84,76,240,62,Band/Group
Clout (feat. Cardi B),Offset,atl hip hop,2019,2020‑06‑22,92,42,206,73,Solo
High Hopes,Panic! At The Disco,modern rock,2018,2020‑06‑22,58,68,191,85,Band/Group
Adan y Eva,Paulo Londra,argentine hip hop,2019,2020‑06‑22,77,72,257,76,Solo
Pop Out (feat. Lil Tjay),Polo G,chicago rap,2019,2020‑06‑22,77,26,167,83,Solo
Circles,Post Malone,dfw rap,2019,2020‑06‑22,70,55,215,89,Solo
Better Now,Post Malone,dfw rap,2018,2020‑06‑22,68,34,231,84,Solo
Sunflower - Spider-Man: Into the Spider-Verse,Post Malone,dfw rap,2019,2020‑06‑22,76,93,158,84,Solo
Wow.,Post Malone,dfw rap,2019,2020‑06‑22,83,39,150,83,Solo
Goodbyes (feat. Young Thug),Post Malone,dfw rap,2019,2020‑06‑22,55,16,175,82,Solo
Bohemian Rhapsody - Remastered 2011,Queen,classic rock,1975,2020‑06‑22,39,23,354,77,Band/Group
Ride It,Regard,dance pop,2019,2020‑06‑22,88,88,158,85,Solo
Keisha & Becky - Remix,Russ Millions,uk drill,2019,2020‑08‑20,86,64,253,73,Solo
Post Malone (feat. RANI),Sam Feldt,dance pop,2019,2020‑06‑22,59,65,174,74,Solo
My Type,Saweetie,cali rap,2019,2020‑06‑22,90,59,126,76,Solo
Otro Trago,Sech,latin,2019,2020‑06‑22,75,62,226,76,Solo
Señorita,Shawn Mendes,canadian pop,2019,2020‑06‑22,76,75,191,83,Solo
If I Can't Have You,Shawn Mendes,canadian pop,2019,2020‑06‑22,69,86,191,78,Solo
Don’t Feel Like Crying,Sigrid,dance pop,2019,2020‑06‑22,75,72,157,56,Solo
Vossi Bop,Stormzy,grime,2019,2020‑06‑22,68,43,196,69,Solo
Lover,Taylor Swift,pop,2019,2020‑06‑22,36,45,221,86,Solo
Cruel Summer,Taylor Swift,pop,2019,2021‑08‑17,55,56,178,82,Solo
You Need To Calm Down,Taylor Swift,pop,2019,2020‑06‑22,77,71,171,81,Solo
SICKO MODE,Travis Scott,hip hop,2018,2020‑06‑22,83,45,313,86,Solo
EARFQUAKE,"Tyler, The Creator",hip hop,2019,2020‑06‑22,55,41,190,85,Solo
Boasty (feat. Idris Elba),Wiley,grime,2019,2020‑06‑22,89,46,177,68,Solo
Strike a Pose (feat. Aitch),Young T & Bugsey,afroswing,2019,2020‑08‑20,53,59,214,67,Duo
The London (feat. J. Cole & Travis Scott),Young Thug,atl hip hop,2019,2020‑06‑22,80,18,200,75,Solo
